"int_n","objective","budget","fund"
"Cancer detection and treatment","delta.deaths",1000000,0
"Child treatment","delta.deaths",1000000,0
"Childhood immunization","delta.deaths",1000000,0
"HIV treatment","delta.deaths",1000000,0
"Management of diabetes","delta.deaths",1000000,1
"N/A (surgery)","delta.deaths",1000000,0
"Pregnancy and delivery care","delta.deaths",1000000,0
"Prevention of cardiovascular disease","delta.deaths",1000000,0
"Tuberculosis effective treatment coverage","delta.deaths",1000000,0
"Cancer detection and treatment","che.10",1000000,0
"Child treatment","che.10",1000000,0
"Childhood immunization","che.10",1000000,0
"HIV treatment","che.10",1000000,0
"Management of diabetes","che.10",1000000,1
"N/A (surgery)","che.10",1000000,0
"Pregnancy and delivery care","che.10",1000000,0
"Prevention of cardiovascular disease","che.10",1000000,0
"Tuberculosis effective treatment coverage","che.10",1000000,0
"Cancer detection and treatment","delta.deaths",2000000,1
"Child treatment","delta.deaths",2000000,0
"Childhood immunization","delta.deaths",2000000,0
"HIV treatment","delta.deaths",2000000,0
"Management of diabetes","delta.deaths",2000000,1
"N/A (surgery)","delta.deaths",2000000,0
"Pregnancy and delivery care","delta.deaths",2000000,0
"Prevention of cardiovascular disease","delta.deaths",2000000,0
"Tuberculosis effective treatment coverage","delta.deaths",2000000,0
"Cancer detection and treatment","che.10",2000000,1
"Child treatment","che.10",2000000,0
"Childhood immunization","che.10",2000000,0
"HIV treatment","che.10",2000000,0
"Management of diabetes","che.10",2000000,1
"N/A (surgery)","che.10",2000000,0
"Pregnancy and delivery care","che.10",2000000,0
"Prevention of cardiovascular disease","che.10",2000000,0
"Tuberculosis effective treatment coverage","che.10",2000000,0
"Cancer detection and treatment","delta.deaths",3000000,1
"Child treatment","delta.deaths",3000000,0
"Childhood immunization","delta.deaths",3000000,0
"HIV treatment","delta.deaths",3000000,0
"Management of diabetes","delta.deaths",3000000,1
"N/A (surgery)","delta.deaths",3000000,0
"Pregnancy and delivery care","delta.deaths",3000000,0
"Prevention of cardiovascular disease","delta.deaths",3000000,0
"Tuberculosis effective treatment coverage","delta.deaths",3000000,0
"Cancer detection and treatment","che.10",3000000,1
"Child treatment","che.10",3000000,0
"Childhood immunization","che.10",3000000,0
"HIV treatment","che.10",3000000,0
"Management of diabetes","che.10",3000000,1
"N/A (surgery)","che.10",3000000,0
"Pregnancy and delivery care","che.10",3000000,0
"Prevention of cardiovascular disease","che.10",3000000,0
"Tuberculosis effective treatment coverage","che.10",3000000,0
"Cancer detection and treatment","delta.deaths",4000000,1
"Child treatment","delta.deaths",4000000,0
"Childhood immunization","delta.deaths",4000000,0
"HIV treatment","delta.deaths",4000000,0
"Management of diabetes","delta.deaths",4000000,1
"N/A (surgery)","delta.deaths",4000000,0
"Pregnancy and delivery care","delta.deaths",4000000,0
"Prevention of cardiovascular disease","delta.deaths",4000000,0
"Tuberculosis effective treatment coverage","delta.deaths",4000000,0
"Cancer detection and treatment","che.10",4000000,1
"Child treatment","che.10",4000000,0
"Childhood immunization","che.10",4000000,0
"HIV treatment","che.10",4000000,0
"Management of diabetes","che.10",4000000,1
"N/A (surgery)","che.10",4000000,0
"Pregnancy and delivery care","che.10",4000000,0
"Prevention of cardiovascular disease","che.10",4000000,0
"Tuberculosis effective treatment coverage","che.10",4000000,0
"Cancer detection and treatment","delta.deaths",5000000,0
"Child treatment","delta.deaths",5000000,0
"Childhood immunization","delta.deaths",5000000,0
"HIV treatment","delta.deaths",5000000,0
"Management of diabetes","delta.deaths",5000000,1
"N/A (surgery)","delta.deaths",5000000,0
"Pregnancy and delivery care","delta.deaths",5000000,0
"Prevention of cardiovascular disease","delta.deaths",5000000,0
"Tuberculosis effective treatment coverage","delta.deaths",5000000,1
"Cancer detection and treatment","che.10",5000000,0
"Child treatment","che.10",5000000,0
"Childhood immunization","che.10",5000000,0
"HIV treatment","che.10",5000000,0
"Management of diabetes","che.10",5000000,1
"N/A (surgery)","che.10",5000000,0
"Pregnancy and delivery care","che.10",5000000,0
"Prevention of cardiovascular disease","che.10",5000000,0
"Tuberculosis effective treatment coverage","che.10",5000000,1
"Cancer detection and treatment","delta.deaths",6000000,1
"Child treatment","delta.deaths",6000000,0
"Childhood immunization","delta.deaths",6000000,0
"HIV treatment","delta.deaths",6000000,0
"Management of diabetes","delta.deaths",6000000,0
"N/A (surgery)","delta.deaths",6000000,0
"Pregnancy and delivery care","delta.deaths",6000000,0
"Prevention of cardiovascular disease","delta.deaths",6000000,0
"Tuberculosis effective treatment coverage","delta.deaths",6000000,1
"Cancer detection and treatment","che.10",6000000,0
"Child treatment","che.10",6000000,0
"Childhood immunization","che.10",6000000,0
"HIV treatment","che.10",6000000,0
"Management of diabetes","che.10",6000000,1
"N/A (surgery)","che.10",6000000,0
"Pregnancy and delivery care","che.10",6000000,0
"Prevention of cardiovascular disease","che.10",6000000,0
"Tuberculosis effective treatment coverage","che.10",6000000,1
"Cancer detection and treatment","delta.deaths",7000000,1
"Child treatment","delta.deaths",7000000,1
"Childhood immunization","delta.deaths",7000000,0
"HIV treatment","delta.deaths",7000000,0
"Management of diabetes","delta.deaths",7000000,0
"N/A (surgery)","delta.deaths",7000000,0
"Pregnancy and delivery care","delta.deaths",7000000,0
"Prevention of cardiovascular disease","delta.deaths",7000000,0
"Tuberculosis effective treatment coverage","delta.deaths",7000000,0
"Cancer detection and treatment","che.10",7000000,1
"Child treatment","che.10",7000000,0
"Childhood immunization","che.10",7000000,0
"HIV treatment","che.10",7000000,0
"Management of diabetes","che.10",7000000,1
"N/A (surgery)","che.10",7000000,0
"Pregnancy and delivery care","che.10",7000000,0
"Prevention of cardiovascular disease","che.10",7000000,0
"Tuberculosis effective treatment coverage","che.10",7000000,1
"Cancer detection and treatment","delta.deaths",8000000,1
"Child treatment","delta.deaths",8000000,1
"Childhood immunization","delta.deaths",8000000,0
"HIV treatment","delta.deaths",8000000,0
"Management of diabetes","delta.deaths",8000000,1
"N/A (surgery)","delta.deaths",8000000,0
"Pregnancy and delivery care","delta.deaths",8000000,0
"Prevention of cardiovascular disease","delta.deaths",8000000,0
"Tuberculosis effective treatment coverage","delta.deaths",8000000,0
"Cancer detection and treatment","che.10",8000000,1
"Child treatment","che.10",8000000,0
"Childhood immunization","che.10",8000000,0
"HIV treatment","che.10",8000000,0
"Management of diabetes","che.10",8000000,1
"N/A (surgery)","che.10",8000000,0
"Pregnancy and delivery care","che.10",8000000,0
"Prevention of cardiovascular disease","che.10",8000000,0
"Tuberculosis effective treatment coverage","che.10",8000000,1
"Cancer detection and treatment","delta.deaths",9000000,1
"Child treatment","delta.deaths",9000000,1
"Childhood immunization","delta.deaths",9000000,0
"HIV treatment","delta.deaths",9000000,0
"Management of diabetes","delta.deaths",9000000,1
"N/A (surgery)","delta.deaths",9000000,0
"Pregnancy and delivery care","delta.deaths",9000000,0
"Prevention of cardiovascular disease","delta.deaths",9000000,0
"Tuberculosis effective treatment coverage","delta.deaths",9000000,0
"Cancer detection and treatment","che.10",9000000,1
"Child treatment","che.10",9000000,0
"Childhood immunization","che.10",9000000,0
"HIV treatment","che.10",9000000,0
"Management of diabetes","che.10",9000000,1
"N/A (surgery)","che.10",9000000,0
"Pregnancy and delivery care","che.10",9000000,0
"Prevention of cardiovascular disease","che.10",9000000,0
"Tuberculosis effective treatment coverage","che.10",9000000,1
"Cancer detection and treatment","delta.deaths",10000000,0
"Child treatment","delta.deaths",10000000,1
"Childhood immunization","delta.deaths",10000000,0
"HIV treatment","delta.deaths",10000000,0
"Management of diabetes","delta.deaths",10000000,0
"N/A (surgery)","delta.deaths",10000000,0
"Pregnancy and delivery care","delta.deaths",10000000,0
"Prevention of cardiovascular disease","delta.deaths",10000000,0
"Tuberculosis effective treatment coverage","delta.deaths",10000000,1
"Cancer detection and treatment","che.10",10000000,0
"Child treatment","che.10",10000000,1
"Childhood immunization","che.10",10000000,0
"HIV treatment","che.10",10000000,0
"Management of diabetes","che.10",10000000,0
"N/A (surgery)","che.10",10000000,0
"Pregnancy and delivery care","che.10",10000000,0
"Prevention of cardiovascular disease","che.10",10000000,0
"Tuberculosis effective treatment coverage","che.10",10000000,1
"Cancer detection and treatment","delta.deaths",11000000,0
"Child treatment","delta.deaths",11000000,1
"Childhood immunization","delta.deaths",11000000,0
"HIV treatment","delta.deaths",11000000,0
"Management of diabetes","delta.deaths",11000000,1
"N/A (surgery)","delta.deaths",11000000,0
"Pregnancy and delivery care","delta.deaths",11000000,0
"Prevention of cardiovascular disease","delta.deaths",11000000,0
"Tuberculosis effective treatment coverage","delta.deaths",11000000,1
"Cancer detection and treatment","che.10",11000000,0
"Child treatment","che.10",11000000,1
"Childhood immunization","che.10",11000000,0
"HIV treatment","che.10",11000000,0
"Management of diabetes","che.10",11000000,1
"N/A (surgery)","che.10",11000000,0
"Pregnancy and delivery care","che.10",11000000,0
"Prevention of cardiovascular disease","che.10",11000000,0
"Tuberculosis effective treatment coverage","che.10",11000000,1
"Cancer detection and treatment","delta.deaths",12000000,1
"Child treatment","delta.deaths",12000000,1
"Childhood immunization","delta.deaths",12000000,0
"HIV treatment","delta.deaths",12000000,0
"Management of diabetes","delta.deaths",12000000,1
"N/A (surgery)","delta.deaths",12000000,0
"Pregnancy and delivery care","delta.deaths",12000000,0
"Prevention of cardiovascular disease","delta.deaths",12000000,0
"Tuberculosis effective treatment coverage","delta.deaths",12000000,1
"Cancer detection and treatment","che.10",12000000,1
"Child treatment","che.10",12000000,1
"Childhood immunization","che.10",12000000,0
"HIV treatment","che.10",12000000,0
"Management of diabetes","che.10",12000000,1
"N/A (surgery)","che.10",12000000,0
"Pregnancy and delivery care","che.10",12000000,0
"Prevention of cardiovascular disease","che.10",12000000,0
"Tuberculosis effective treatment coverage","che.10",12000000,1
"Cancer detection and treatment","delta.deaths",13000000,1
"Child treatment","delta.deaths",13000000,1
"Childhood immunization","delta.deaths",13000000,0
"HIV treatment","delta.deaths",13000000,0
"Management of diabetes","delta.deaths",13000000,1
"N/A (surgery)","delta.deaths",13000000,0
"Pregnancy and delivery care","delta.deaths",13000000,0
"Prevention of cardiovascular disease","delta.deaths",13000000,0
"Tuberculosis effective treatment coverage","delta.deaths",13000000,1
"Cancer detection and treatment","che.10",13000000,1
"Child treatment","che.10",13000000,1
"Childhood immunization","che.10",13000000,0
"HIV treatment","che.10",13000000,0
"Management of diabetes","che.10",13000000,1
"N/A (surgery)","che.10",13000000,0
"Pregnancy and delivery care","che.10",13000000,0
"Prevention of cardiovascular disease","che.10",13000000,0
"Tuberculosis effective treatment coverage","che.10",13000000,1
"Cancer detection and treatment","delta.deaths",14000000,1
"Child treatment","delta.deaths",14000000,1
"Childhood immunization","delta.deaths",14000000,0
"HIV treatment","delta.deaths",14000000,0
"Management of diabetes","delta.deaths",14000000,1
"N/A (surgery)","delta.deaths",14000000,0
"Pregnancy and delivery care","delta.deaths",14000000,0
"Prevention of cardiovascular disease","delta.deaths",14000000,0
"Tuberculosis effective treatment coverage","delta.deaths",14000000,1
"Cancer detection and treatment","che.10",14000000,1
"Child treatment","che.10",14000000,1
"Childhood immunization","che.10",14000000,0
"HIV treatment","che.10",14000000,0
"Management of diabetes","che.10",14000000,1
"N/A (surgery)","che.10",14000000,0
"Pregnancy and delivery care","che.10",14000000,0
"Prevention of cardiovascular disease","che.10",14000000,0
"Tuberculosis effective treatment coverage","che.10",14000000,1
"Cancer detection and treatment","delta.deaths",15000000,1
"Child treatment","delta.deaths",15000000,1
"Childhood immunization","delta.deaths",15000000,0
"HIV treatment","delta.deaths",15000000,0
"Management of diabetes","delta.deaths",15000000,1
"N/A (surgery)","delta.deaths",15000000,0
"Pregnancy and delivery care","delta.deaths",15000000,0
"Prevention of cardiovascular disease","delta.deaths",15000000,0
"Tuberculosis effective treatment coverage","delta.deaths",15000000,1
"Cancer detection and treatment","che.10",15000000,1
"Child treatment","che.10",15000000,1
"Childhood immunization","che.10",15000000,0
"HIV treatment","che.10",15000000,0
"Management of diabetes","che.10",15000000,1
"N/A (surgery)","che.10",15000000,0
"Pregnancy and delivery care","che.10",15000000,0
"Prevention of cardiovascular disease","che.10",15000000,0
"Tuberculosis effective treatment coverage","che.10",15000000,1
"Cancer detection and treatment","delta.deaths",16000000,0
"Child treatment","delta.deaths",16000000,1
"Childhood immunization","delta.deaths",16000000,1
"HIV treatment","delta.deaths",16000000,0
"Management of diabetes","delta.deaths",16000000,0
"N/A (surgery)","delta.deaths",16000000,0
"Pregnancy and delivery care","delta.deaths",16000000,0
"Prevention of cardiovascular disease","delta.deaths",16000000,0
"Tuberculosis effective treatment coverage","delta.deaths",16000000,1
"Cancer detection and treatment","che.10",16000000,0
"Child treatment","che.10",16000000,0
"Childhood immunization","che.10",16000000,0
"HIV treatment","che.10",16000000,0
"Management of diabetes","che.10",16000000,0
"N/A (surgery)","che.10",16000000,0
"Pregnancy and delivery care","che.10",16000000,0
"Prevention of cardiovascular disease","che.10",16000000,1
"Tuberculosis effective treatment coverage","che.10",16000000,0
"Cancer detection and treatment","delta.deaths",17000000,0
"Child treatment","delta.deaths",17000000,1
"Childhood immunization","delta.deaths",17000000,0
"HIV treatment","delta.deaths",17000000,1
"Management of diabetes","delta.deaths",17000000,1
"N/A (surgery)","delta.deaths",17000000,0
"Pregnancy and delivery care","delta.deaths",17000000,0
"Prevention of cardiovascular disease","delta.deaths",17000000,0
"Tuberculosis effective treatment coverage","delta.deaths",17000000,1
"Cancer detection and treatment","che.10",17000000,0
"Child treatment","che.10",17000000,0
"Childhood immunization","che.10",17000000,0
"HIV treatment","che.10",17000000,0
"Management of diabetes","che.10",17000000,1
"N/A (surgery)","che.10",17000000,0
"Pregnancy and delivery care","che.10",17000000,0
"Prevention of cardiovascular disease","che.10",17000000,1
"Tuberculosis effective treatment coverage","che.10",17000000,0
"Cancer detection and treatment","delta.deaths",18000000,1
"Child treatment","delta.deaths",18000000,1
"Childhood immunization","delta.deaths",18000000,0
"HIV treatment","delta.deaths",18000000,1
"Management of diabetes","delta.deaths",18000000,0
"N/A (surgery)","delta.deaths",18000000,0
"Pregnancy and delivery care","delta.deaths",18000000,0
"Prevention of cardiovascular disease","delta.deaths",18000000,0
"Tuberculosis effective treatment coverage","delta.deaths",18000000,1
"Cancer detection and treatment","che.10",18000000,1
"Child treatment","che.10",18000000,0
"Childhood immunization","che.10",18000000,0
"HIV treatment","che.10",18000000,0
"Management of diabetes","che.10",18000000,1
"N/A (surgery)","che.10",18000000,0
"Pregnancy and delivery care","che.10",18000000,0
"Prevention of cardiovascular disease","che.10",18000000,1
"Tuberculosis effective treatment coverage","che.10",18000000,0
"Cancer detection and treatment","delta.deaths",19000000,1
"Child treatment","delta.deaths",19000000,1
"Childhood immunization","delta.deaths",19000000,0
"HIV treatment","delta.deaths",19000000,1
"Management of diabetes","delta.deaths",19000000,1
"N/A (surgery)","delta.deaths",19000000,0
"Pregnancy and delivery care","delta.deaths",19000000,0
"Prevention of cardiovascular disease","delta.deaths",19000000,0
"Tuberculosis effective treatment coverage","delta.deaths",19000000,1
"Cancer detection and treatment","che.10",19000000,1
"Child treatment","che.10",19000000,0
"Childhood immunization","che.10",19000000,0
"HIV treatment","che.10",19000000,0
"Management of diabetes","che.10",19000000,1
"N/A (surgery)","che.10",19000000,0
"Pregnancy and delivery care","che.10",19000000,0
"Prevention of cardiovascular disease","che.10",19000000,1
"Tuberculosis effective treatment coverage","che.10",19000000,0
"Cancer detection and treatment","delta.deaths",20000000,1
"Child treatment","delta.deaths",20000000,1
"Childhood immunization","delta.deaths",20000000,0
"HIV treatment","delta.deaths",20000000,1
"Management of diabetes","delta.deaths",20000000,1
"N/A (surgery)","delta.deaths",20000000,0
"Pregnancy and delivery care","delta.deaths",20000000,0
"Prevention of cardiovascular disease","delta.deaths",20000000,0
"Tuberculosis effective treatment coverage","delta.deaths",20000000,1
"Cancer detection and treatment","che.10",20000000,1
"Child treatment","che.10",20000000,0
"Childhood immunization","che.10",20000000,0
"HIV treatment","che.10",20000000,0
"Management of diabetes","che.10",20000000,1
"N/A (surgery)","che.10",20000000,0
"Pregnancy and delivery care","che.10",20000000,0
"Prevention of cardiovascular disease","che.10",20000000,1
"Tuberculosis effective treatment coverage","che.10",20000000,0
"Cancer detection and treatment","delta.deaths",21000000,1
"Child treatment","delta.deaths",21000000,1
"Childhood immunization","delta.deaths",21000000,0
"HIV treatment","delta.deaths",21000000,1
"Management of diabetes","delta.deaths",21000000,1
"N/A (surgery)","delta.deaths",21000000,0
"Pregnancy and delivery care","delta.deaths",21000000,0
"Prevention of cardiovascular disease","delta.deaths",21000000,0
"Tuberculosis effective treatment coverage","delta.deaths",21000000,1
"Cancer detection and treatment","che.10",21000000,0
"Child treatment","che.10",21000000,0
"Childhood immunization","che.10",21000000,0
"HIV treatment","che.10",21000000,0
"Management of diabetes","che.10",21000000,1
"N/A (surgery)","che.10",21000000,0
"Pregnancy and delivery care","che.10",21000000,0
"Prevention of cardiovascular disease","che.10",21000000,1
"Tuberculosis effective treatment coverage","che.10",21000000,1
"Cancer detection and treatment","delta.deaths",22000000,1
"Child treatment","delta.deaths",22000000,1
"Childhood immunization","delta.deaths",22000000,0
"HIV treatment","delta.deaths",22000000,1
"Management of diabetes","delta.deaths",22000000,1
"N/A (surgery)","delta.deaths",22000000,0
"Pregnancy and delivery care","delta.deaths",22000000,0
"Prevention of cardiovascular disease","delta.deaths",22000000,0
"Tuberculosis effective treatment coverage","delta.deaths",22000000,1
"Cancer detection and treatment","che.10",22000000,0
"Child treatment","che.10",22000000,0
"Childhood immunization","che.10",22000000,0
"HIV treatment","che.10",22000000,0
"Management of diabetes","che.10",22000000,1
"N/A (surgery)","che.10",22000000,0
"Pregnancy and delivery care","che.10",22000000,0
"Prevention of cardiovascular disease","che.10",22000000,1
"Tuberculosis effective treatment coverage","che.10",22000000,1
"Cancer detection and treatment","delta.deaths",23000000,0
"Child treatment","delta.deaths",23000000,1
"Childhood immunization","delta.deaths",23000000,1
"HIV treatment","delta.deaths",23000000,1
"Management of diabetes","delta.deaths",23000000,1
"N/A (surgery)","delta.deaths",23000000,0
"Pregnancy and delivery care","delta.deaths",23000000,0
"Prevention of cardiovascular disease","delta.deaths",23000000,0
"Tuberculosis effective treatment coverage","delta.deaths",23000000,1
"Cancer detection and treatment","che.10",23000000,1
"Child treatment","che.10",23000000,0
"Childhood immunization","che.10",23000000,0
"HIV treatment","che.10",23000000,0
"Management of diabetes","che.10",23000000,1
"N/A (surgery)","che.10",23000000,0
"Pregnancy and delivery care","che.10",23000000,0
"Prevention of cardiovascular disease","che.10",23000000,1
"Tuberculosis effective treatment coverage","che.10",23000000,1
"Cancer detection and treatment","delta.deaths",24000000,1
"Child treatment","delta.deaths",24000000,1
"Childhood immunization","delta.deaths",24000000,1
"HIV treatment","delta.deaths",24000000,1
"Management of diabetes","delta.deaths",24000000,0
"N/A (surgery)","delta.deaths",24000000,0
"Pregnancy and delivery care","delta.deaths",24000000,0
"Prevention of cardiovascular disease","delta.deaths",24000000,0
"Tuberculosis effective treatment coverage","delta.deaths",24000000,1
"Cancer detection and treatment","che.10",24000000,1
"Child treatment","che.10",24000000,0
"Childhood immunization","che.10",24000000,0
"HIV treatment","che.10",24000000,0
"Management of diabetes","che.10",24000000,1
"N/A (surgery)","che.10",24000000,0
"Pregnancy and delivery care","che.10",24000000,0
"Prevention of cardiovascular disease","che.10",24000000,1
"Tuberculosis effective treatment coverage","che.10",24000000,1
"Cancer detection and treatment","delta.deaths",25000000,1
"Child treatment","delta.deaths",25000000,1
"Childhood immunization","delta.deaths",25000000,1
"HIV treatment","delta.deaths",25000000,1
"Management of diabetes","delta.deaths",25000000,1
"N/A (surgery)","delta.deaths",25000000,0
"Pregnancy and delivery care","delta.deaths",25000000,0
"Prevention of cardiovascular disease","delta.deaths",25000000,0
"Tuberculosis effective treatment coverage","delta.deaths",25000000,1
"Cancer detection and treatment","che.10",25000000,1
"Child treatment","che.10",25000000,0
"Childhood immunization","che.10",25000000,0
"HIV treatment","che.10",25000000,0
"Management of diabetes","che.10",25000000,1
"N/A (surgery)","che.10",25000000,0
"Pregnancy and delivery care","che.10",25000000,0
"Prevention of cardiovascular disease","che.10",25000000,1
"Tuberculosis effective treatment coverage","che.10",25000000,1
"Cancer detection and treatment","delta.deaths",26000000,1
"Child treatment","delta.deaths",26000000,1
"Childhood immunization","delta.deaths",26000000,1
"HIV treatment","delta.deaths",26000000,1
"Management of diabetes","delta.deaths",26000000,1
"N/A (surgery)","delta.deaths",26000000,0
"Pregnancy and delivery care","delta.deaths",26000000,0
"Prevention of cardiovascular disease","delta.deaths",26000000,0
"Tuberculosis effective treatment coverage","delta.deaths",26000000,1
"Cancer detection and treatment","che.10",26000000,0
"Child treatment","che.10",26000000,1
"Childhood immunization","che.10",26000000,0
"HIV treatment","che.10",26000000,0
"Management of diabetes","che.10",26000000,0
"N/A (surgery)","che.10",26000000,0
"Pregnancy and delivery care","che.10",26000000,0
"Prevention of cardiovascular disease","che.10",26000000,1
"Tuberculosis effective treatment coverage","che.10",26000000,1
"Cancer detection and treatment","delta.deaths",27000000,1
"Child treatment","delta.deaths",27000000,1
"Childhood immunization","delta.deaths",27000000,1
"HIV treatment","delta.deaths",27000000,1
"Management of diabetes","delta.deaths",27000000,1
"N/A (surgery)","delta.deaths",27000000,0
"Pregnancy and delivery care","delta.deaths",27000000,0
"Prevention of cardiovascular disease","delta.deaths",27000000,0
"Tuberculosis effective treatment coverage","delta.deaths",27000000,1
"Cancer detection and treatment","che.10",27000000,0
"Child treatment","che.10",27000000,1
"Childhood immunization","che.10",27000000,0
"HIV treatment","che.10",27000000,0
"Management of diabetes","che.10",27000000,1
"N/A (surgery)","che.10",27000000,0
"Pregnancy and delivery care","che.10",27000000,0
"Prevention of cardiovascular disease","che.10",27000000,1
"Tuberculosis effective treatment coverage","che.10",27000000,1
"Cancer detection and treatment","delta.deaths",28000000,1
"Child treatment","delta.deaths",28000000,1
"Childhood immunization","delta.deaths",28000000,1
"HIV treatment","delta.deaths",28000000,1
"Management of diabetes","delta.deaths",28000000,1
"N/A (surgery)","delta.deaths",28000000,0
"Pregnancy and delivery care","delta.deaths",28000000,0
"Prevention of cardiovascular disease","delta.deaths",28000000,0
"Tuberculosis effective treatment coverage","delta.deaths",28000000,1
"Cancer detection and treatment","che.10",28000000,1
"Child treatment","che.10",28000000,1
"Childhood immunization","che.10",28000000,0
"HIV treatment","che.10",28000000,0
"Management of diabetes","che.10",28000000,1
"N/A (surgery)","che.10",28000000,0
"Pregnancy and delivery care","che.10",28000000,0
"Prevention of cardiovascular disease","che.10",28000000,1
"Tuberculosis effective treatment coverage","che.10",28000000,1
"Cancer detection and treatment","delta.deaths",29000000,1
"Child treatment","delta.deaths",29000000,1
"Childhood immunization","delta.deaths",29000000,1
"HIV treatment","delta.deaths",29000000,1
"Management of diabetes","delta.deaths",29000000,1
"N/A (surgery)","delta.deaths",29000000,0
"Pregnancy and delivery care","delta.deaths",29000000,0
"Prevention of cardiovascular disease","delta.deaths",29000000,0
"Tuberculosis effective treatment coverage","delta.deaths",29000000,1
"Cancer detection and treatment","che.10",29000000,1
"Child treatment","che.10",29000000,1
"Childhood immunization","che.10",29000000,0
"HIV treatment","che.10",29000000,0
"Management of diabetes","che.10",29000000,1
"N/A (surgery)","che.10",29000000,0
"Pregnancy and delivery care","che.10",29000000,0
"Prevention of cardiovascular disease","che.10",29000000,1
"Tuberculosis effective treatment coverage","che.10",29000000,1
"Cancer detection and treatment","delta.deaths",30000000,1
"Child treatment","delta.deaths",30000000,1
"Childhood immunization","delta.deaths",30000000,1
"HIV treatment","delta.deaths",30000000,1
"Management of diabetes","delta.deaths",30000000,1
"N/A (surgery)","delta.deaths",30000000,0
"Pregnancy and delivery care","delta.deaths",30000000,0
"Prevention of cardiovascular disease","delta.deaths",30000000,0
"Tuberculosis effective treatment coverage","delta.deaths",30000000,1
"Cancer detection and treatment","che.10",30000000,1
"Child treatment","che.10",30000000,1
"Childhood immunization","che.10",30000000,0
"HIV treatment","che.10",30000000,0
"Management of diabetes","che.10",30000000,1
"N/A (surgery)","che.10",30000000,0
"Pregnancy and delivery care","che.10",30000000,0
"Prevention of cardiovascular disease","che.10",30000000,1
"Tuberculosis effective treatment coverage","che.10",30000000,1
"Cancer detection and treatment","delta.deaths",31000000,1
"Child treatment","delta.deaths",31000000,1
"Childhood immunization","delta.deaths",31000000,1
"HIV treatment","delta.deaths",31000000,1
"Management of diabetes","delta.deaths",31000000,1
"N/A (surgery)","delta.deaths",31000000,0
"Pregnancy and delivery care","delta.deaths",31000000,0
"Prevention of cardiovascular disease","delta.deaths",31000000,0
"Tuberculosis effective treatment coverage","delta.deaths",31000000,1
"Cancer detection and treatment","che.10",31000000,1
"Child treatment","che.10",31000000,1
"Childhood immunization","che.10",31000000,0
"HIV treatment","che.10",31000000,0
"Management of diabetes","che.10",31000000,1
"N/A (surgery)","che.10",31000000,0
"Pregnancy and delivery care","che.10",31000000,0
"Prevention of cardiovascular disease","che.10",31000000,1
"Tuberculosis effective treatment coverage","che.10",31000000,1
"Cancer detection and treatment","delta.deaths",32000000,1
"Child treatment","delta.deaths",32000000,1
"Childhood immunization","delta.deaths",32000000,1
"HIV treatment","delta.deaths",32000000,1
"Management of diabetes","delta.deaths",32000000,1
"N/A (surgery)","delta.deaths",32000000,0
"Pregnancy and delivery care","delta.deaths",32000000,0
"Prevention of cardiovascular disease","delta.deaths",32000000,0
"Tuberculosis effective treatment coverage","delta.deaths",32000000,1
"Cancer detection and treatment","che.10",32000000,1
"Child treatment","che.10",32000000,1
"Childhood immunization","che.10",32000000,0
"HIV treatment","che.10",32000000,0
"Management of diabetes","che.10",32000000,1
"N/A (surgery)","che.10",32000000,0
"Pregnancy and delivery care","che.10",32000000,0
"Prevention of cardiovascular disease","che.10",32000000,1
"Tuberculosis effective treatment coverage","che.10",32000000,1
"Cancer detection and treatment","delta.deaths",33000000,1
"Child treatment","delta.deaths",33000000,1
"Childhood immunization","delta.deaths",33000000,1
"HIV treatment","delta.deaths",33000000,1
"Management of diabetes","delta.deaths",33000000,1
"N/A (surgery)","delta.deaths",33000000,0
"Pregnancy and delivery care","delta.deaths",33000000,0
"Prevention of cardiovascular disease","delta.deaths",33000000,0
"Tuberculosis effective treatment coverage","delta.deaths",33000000,1
"Cancer detection and treatment","che.10",33000000,0
"Child treatment","che.10",33000000,1
"Childhood immunization","che.10",33000000,0
"HIV treatment","che.10",33000000,1
"Management of diabetes","che.10",33000000,1
"N/A (surgery)","che.10",33000000,0
"Pregnancy and delivery care","che.10",33000000,0
"Prevention of cardiovascular disease","che.10",33000000,1
"Tuberculosis effective treatment coverage","che.10",33000000,1
"Cancer detection and treatment","delta.deaths",34000000,1
"Child treatment","delta.deaths",34000000,1
"Childhood immunization","delta.deaths",34000000,1
"HIV treatment","delta.deaths",34000000,1
"Management of diabetes","delta.deaths",34000000,1
"N/A (surgery)","delta.deaths",34000000,0
"Pregnancy and delivery care","delta.deaths",34000000,0
"Prevention of cardiovascular disease","delta.deaths",34000000,0
"Tuberculosis effective treatment coverage","delta.deaths",34000000,1
"Cancer detection and treatment","che.10",34000000,1
"Child treatment","che.10",34000000,1
"Childhood immunization","che.10",34000000,0
"HIV treatment","che.10",34000000,1
"Management of diabetes","che.10",34000000,1
"N/A (surgery)","che.10",34000000,0
"Pregnancy and delivery care","che.10",34000000,0
"Prevention of cardiovascular disease","che.10",34000000,1
"Tuberculosis effective treatment coverage","che.10",34000000,1
"Cancer detection and treatment","delta.deaths",35000000,1
"Child treatment","delta.deaths",35000000,1
"Childhood immunization","delta.deaths",35000000,1
"HIV treatment","delta.deaths",35000000,1
"Management of diabetes","delta.deaths",35000000,1
"N/A (surgery)","delta.deaths",35000000,0
"Pregnancy and delivery care","delta.deaths",35000000,0
"Prevention of cardiovascular disease","delta.deaths",35000000,0
"Tuberculosis effective treatment coverage","delta.deaths",35000000,1
"Cancer detection and treatment","che.10",35000000,1
"Child treatment","che.10",35000000,1
"Childhood immunization","che.10",35000000,0
"HIV treatment","che.10",35000000,1
"Management of diabetes","che.10",35000000,1
"N/A (surgery)","che.10",35000000,0
"Pregnancy and delivery care","che.10",35000000,0
"Prevention of cardiovascular disease","che.10",35000000,1
"Tuberculosis effective treatment coverage","che.10",35000000,1
"Cancer detection and treatment","delta.deaths",36000000,1
"Child treatment","delta.deaths",36000000,1
"Childhood immunization","delta.deaths",36000000,1
"HIV treatment","delta.deaths",36000000,1
"Management of diabetes","delta.deaths",36000000,1
"N/A (surgery)","delta.deaths",36000000,0
"Pregnancy and delivery care","delta.deaths",36000000,0
"Prevention of cardiovascular disease","delta.deaths",36000000,0
"Tuberculosis effective treatment coverage","delta.deaths",36000000,1
"Cancer detection and treatment","che.10",36000000,1
"Child treatment","che.10",36000000,1
"Childhood immunization","che.10",36000000,0
"HIV treatment","che.10",36000000,1
"Management of diabetes","che.10",36000000,1
"N/A (surgery)","che.10",36000000,0
"Pregnancy and delivery care","che.10",36000000,0
"Prevention of cardiovascular disease","che.10",36000000,1
"Tuberculosis effective treatment coverage","che.10",36000000,1
"Cancer detection and treatment","delta.deaths",37000000,1
"Child treatment","delta.deaths",37000000,1
"Childhood immunization","delta.deaths",37000000,1
"HIV treatment","delta.deaths",37000000,1
"Management of diabetes","delta.deaths",37000000,1
"N/A (surgery)","delta.deaths",37000000,0
"Pregnancy and delivery care","delta.deaths",37000000,0
"Prevention of cardiovascular disease","delta.deaths",37000000,0
"Tuberculosis effective treatment coverage","delta.deaths",37000000,1
"Cancer detection and treatment","che.10",37000000,1
"Child treatment","che.10",37000000,1
"Childhood immunization","che.10",37000000,0
"HIV treatment","che.10",37000000,1
"Management of diabetes","che.10",37000000,1
"N/A (surgery)","che.10",37000000,0
"Pregnancy and delivery care","che.10",37000000,0
"Prevention of cardiovascular disease","che.10",37000000,1
"Tuberculosis effective treatment coverage","che.10",37000000,1
"Cancer detection and treatment","delta.deaths",38000000,1
"Child treatment","delta.deaths",38000000,1
"Childhood immunization","delta.deaths",38000000,1
"HIV treatment","delta.deaths",38000000,1
"Management of diabetes","delta.deaths",38000000,1
"N/A (surgery)","delta.deaths",38000000,0
"Pregnancy and delivery care","delta.deaths",38000000,0
"Prevention of cardiovascular disease","delta.deaths",38000000,0
"Tuberculosis effective treatment coverage","delta.deaths",38000000,1
"Cancer detection and treatment","che.10",38000000,0
"Child treatment","che.10",38000000,0
"Childhood immunization","che.10",38000000,0
"HIV treatment","che.10",38000000,0
"Management of diabetes","che.10",38000000,1
"N/A (surgery)","che.10",38000000,1
"Pregnancy and delivery care","che.10",38000000,0
"Prevention of cardiovascular disease","che.10",38000000,1
"Tuberculosis effective treatment coverage","che.10",38000000,0
"Cancer detection and treatment","delta.deaths",39000000,0
"Child treatment","delta.deaths",39000000,1
"Childhood immunization","delta.deaths",39000000,1
"HIV treatment","delta.deaths",39000000,1
"Management of diabetes","delta.deaths",39000000,1
"N/A (surgery)","delta.deaths",39000000,0
"Pregnancy and delivery care","delta.deaths",39000000,0
"Prevention of cardiovascular disease","delta.deaths",39000000,1
"Tuberculosis effective treatment coverage","delta.deaths",39000000,1
"Cancer detection and treatment","che.10",39000000,0
"Child treatment","che.10",39000000,0
"Childhood immunization","che.10",39000000,0
"HIV treatment","che.10",39000000,0
"Management of diabetes","che.10",39000000,1
"N/A (surgery)","che.10",39000000,1
"Pregnancy and delivery care","che.10",39000000,0
"Prevention of cardiovascular disease","che.10",39000000,1
"Tuberculosis effective treatment coverage","che.10",39000000,0
"Cancer detection and treatment","delta.deaths",40000000,1
"Child treatment","delta.deaths",40000000,1
"Childhood immunization","delta.deaths",40000000,1
"HIV treatment","delta.deaths",40000000,1
"Management of diabetes","delta.deaths",40000000,0
"N/A (surgery)","delta.deaths",40000000,0
"Pregnancy and delivery care","delta.deaths",40000000,0
"Prevention of cardiovascular disease","delta.deaths",40000000,1
"Tuberculosis effective treatment coverage","delta.deaths",40000000,1
"Cancer detection and treatment","che.10",40000000,1
"Child treatment","che.10",40000000,0
"Childhood immunization","che.10",40000000,0
"HIV treatment","che.10",40000000,0
"Management of diabetes","che.10",40000000,1
"N/A (surgery)","che.10",40000000,1
"Pregnancy and delivery care","che.10",40000000,0
"Prevention of cardiovascular disease","che.10",40000000,1
"Tuberculosis effective treatment coverage","che.10",40000000,0
"Cancer detection and treatment","delta.deaths",41000000,0
"Child treatment","delta.deaths",41000000,1
"Childhood immunization","delta.deaths",41000000,0
"HIV treatment","delta.deaths",41000000,1
"Management of diabetes","delta.deaths",41000000,1
"N/A (surgery)","delta.deaths",41000000,0
"Pregnancy and delivery care","delta.deaths",41000000,1
"Prevention of cardiovascular disease","delta.deaths",41000000,0
"Tuberculosis effective treatment coverage","delta.deaths",41000000,1
"Cancer detection and treatment","che.10",41000000,1
"Child treatment","che.10",41000000,0
"Childhood immunization","che.10",41000000,0
"HIV treatment","che.10",41000000,0
"Management of diabetes","che.10",41000000,1
"N/A (surgery)","che.10",41000000,1
"Pregnancy and delivery care","che.10",41000000,0
"Prevention of cardiovascular disease","che.10",41000000,1
"Tuberculosis effective treatment coverage","che.10",41000000,0
"Cancer detection and treatment","delta.deaths",42000000,1
"Child treatment","delta.deaths",42000000,1
"Childhood immunization","delta.deaths",42000000,0
"HIV treatment","delta.deaths",42000000,1
"Management of diabetes","delta.deaths",42000000,0
"N/A (surgery)","delta.deaths",42000000,0
"Pregnancy and delivery care","delta.deaths",42000000,1
"Prevention of cardiovascular disease","delta.deaths",42000000,0
"Tuberculosis effective treatment coverage","delta.deaths",42000000,1
"Cancer detection and treatment","che.10",42000000,0
"Child treatment","che.10",42000000,0
"Childhood immunization","che.10",42000000,0
"HIV treatment","che.10",42000000,0
"Management of diabetes","che.10",42000000,0
"N/A (surgery)","che.10",42000000,1
"Pregnancy and delivery care","che.10",42000000,0
"Prevention of cardiovascular disease","che.10",42000000,1
"Tuberculosis effective treatment coverage","che.10",42000000,1
"Cancer detection and treatment","delta.deaths",43000000,1
"Child treatment","delta.deaths",43000000,1
"Childhood immunization","delta.deaths",43000000,0
"HIV treatment","delta.deaths",43000000,1
"Management of diabetes","delta.deaths",43000000,1
"N/A (surgery)","delta.deaths",43000000,0
"Pregnancy and delivery care","delta.deaths",43000000,1
"Prevention of cardiovascular disease","delta.deaths",43000000,0
"Tuberculosis effective treatment coverage","delta.deaths",43000000,1
"Cancer detection and treatment","che.10",43000000,0
"Child treatment","che.10",43000000,0
"Childhood immunization","che.10",43000000,0
"HIV treatment","che.10",43000000,0
"Management of diabetes","che.10",43000000,1
"N/A (surgery)","che.10",43000000,1
"Pregnancy and delivery care","che.10",43000000,0
"Prevention of cardiovascular disease","che.10",43000000,1
"Tuberculosis effective treatment coverage","che.10",43000000,1
"Cancer detection and treatment","delta.deaths",44000000,1
"Child treatment","delta.deaths",44000000,1
"Childhood immunization","delta.deaths",44000000,0
"HIV treatment","delta.deaths",44000000,1
"Management of diabetes","delta.deaths",44000000,1
"N/A (surgery)","delta.deaths",44000000,0
"Pregnancy and delivery care","delta.deaths",44000000,1
"Prevention of cardiovascular disease","delta.deaths",44000000,0
"Tuberculosis effective treatment coverage","delta.deaths",44000000,1
"Cancer detection and treatment","che.10",44000000,1
"Child treatment","che.10",44000000,0
"Childhood immunization","che.10",44000000,0
"HIV treatment","che.10",44000000,0
"Management of diabetes","che.10",44000000,1
"N/A (surgery)","che.10",44000000,1
"Pregnancy and delivery care","che.10",44000000,0
"Prevention of cardiovascular disease","che.10",44000000,1
"Tuberculosis effective treatment coverage","che.10",44000000,1
"Cancer detection and treatment","delta.deaths",45000000,1
"Child treatment","delta.deaths",45000000,1
"Childhood immunization","delta.deaths",45000000,0
"HIV treatment","delta.deaths",45000000,1
"Management of diabetes","delta.deaths",45000000,1
"N/A (surgery)","delta.deaths",45000000,0
"Pregnancy and delivery care","delta.deaths",45000000,1
"Prevention of cardiovascular disease","delta.deaths",45000000,0
"Tuberculosis effective treatment coverage","delta.deaths",45000000,1
"Cancer detection and treatment","che.10",45000000,1
"Child treatment","che.10",45000000,0
"Childhood immunization","che.10",45000000,0
"HIV treatment","che.10",45000000,0
"Management of diabetes","che.10",45000000,1
"N/A (surgery)","che.10",45000000,1
"Pregnancy and delivery care","che.10",45000000,0
"Prevention of cardiovascular disease","che.10",45000000,1
"Tuberculosis effective treatment coverage","che.10",45000000,1
"Cancer detection and treatment","delta.deaths",46000000,1
"Child treatment","delta.deaths",46000000,1
"Childhood immunization","delta.deaths",46000000,0
"HIV treatment","delta.deaths",46000000,1
"Management of diabetes","delta.deaths",46000000,1
"N/A (surgery)","delta.deaths",46000000,0
"Pregnancy and delivery care","delta.deaths",46000000,1
"Prevention of cardiovascular disease","delta.deaths",46000000,0
"Tuberculosis effective treatment coverage","delta.deaths",46000000,1
"Cancer detection and treatment","che.10",46000000,1
"Child treatment","che.10",46000000,0
"Childhood immunization","che.10",46000000,0
"HIV treatment","che.10",46000000,0
"Management of diabetes","che.10",46000000,1
"N/A (surgery)","che.10",46000000,1
"Pregnancy and delivery care","che.10",46000000,0
"Prevention of cardiovascular disease","che.10",46000000,1
"Tuberculosis effective treatment coverage","che.10",46000000,1
"Cancer detection and treatment","delta.deaths",47000000,0
"Child treatment","delta.deaths",47000000,1
"Childhood immunization","delta.deaths",47000000,1
"HIV treatment","delta.deaths",47000000,1
"Management of diabetes","delta.deaths",47000000,0
"N/A (surgery)","delta.deaths",47000000,0
"Pregnancy and delivery care","delta.deaths",47000000,1
"Prevention of cardiovascular disease","delta.deaths",47000000,0
"Tuberculosis effective treatment coverage","delta.deaths",47000000,1
"Cancer detection and treatment","che.10",47000000,1
"Child treatment","che.10",47000000,0
"Childhood immunization","che.10",47000000,0
"HIV treatment","che.10",47000000,0
"Management of diabetes","che.10",47000000,1
"N/A (surgery)","che.10",47000000,1
"Pregnancy and delivery care","che.10",47000000,0
"Prevention of cardiovascular disease","che.10",47000000,1
"Tuberculosis effective treatment coverage","che.10",47000000,1
"Cancer detection and treatment","delta.deaths",48000000,0
"Child treatment","delta.deaths",48000000,1
"Childhood immunization","delta.deaths",48000000,1
"HIV treatment","delta.deaths",48000000,1
"Management of diabetes","delta.deaths",48000000,1
"N/A (surgery)","delta.deaths",48000000,0
"Pregnancy and delivery care","delta.deaths",48000000,1
"Prevention of cardiovascular disease","delta.deaths",48000000,0
"Tuberculosis effective treatment coverage","delta.deaths",48000000,1
"Cancer detection and treatment","che.10",48000000,0
"Child treatment","che.10",48000000,1
"Childhood immunization","che.10",48000000,0
"HIV treatment","che.10",48000000,0
"Management of diabetes","che.10",48000000,1
"N/A (surgery)","che.10",48000000,1
"Pregnancy and delivery care","che.10",48000000,0
"Prevention of cardiovascular disease","che.10",48000000,1
"Tuberculosis effective treatment coverage","che.10",48000000,1
"Cancer detection and treatment","delta.deaths",49000000,1
"Child treatment","delta.deaths",49000000,1
"Childhood immunization","delta.deaths",49000000,1
"HIV treatment","delta.deaths",49000000,1
"Management of diabetes","delta.deaths",49000000,1
"N/A (surgery)","delta.deaths",49000000,0
"Pregnancy and delivery care","delta.deaths",49000000,1
"Prevention of cardiovascular disease","delta.deaths",49000000,0
"Tuberculosis effective treatment coverage","delta.deaths",49000000,1
"Cancer detection and treatment","che.10",49000000,0
"Child treatment","che.10",49000000,1
"Childhood immunization","che.10",49000000,0
"HIV treatment","che.10",49000000,0
"Management of diabetes","che.10",49000000,1
"N/A (surgery)","che.10",49000000,1
"Pregnancy and delivery care","che.10",49000000,0
"Prevention of cardiovascular disease","che.10",49000000,1
"Tuberculosis effective treatment coverage","che.10",49000000,1
"Cancer detection and treatment","delta.deaths",50000000,1
"Child treatment","delta.deaths",50000000,1
"Childhood immunization","delta.deaths",50000000,1
"HIV treatment","delta.deaths",50000000,1
"Management of diabetes","delta.deaths",50000000,1
"N/A (surgery)","delta.deaths",50000000,0
"Pregnancy and delivery care","delta.deaths",50000000,1
"Prevention of cardiovascular disease","delta.deaths",50000000,0
"Tuberculosis effective treatment coverage","delta.deaths",50000000,1
"Cancer detection and treatment","che.10",50000000,1
"Child treatment","che.10",50000000,1
"Childhood immunization","che.10",50000000,0
"HIV treatment","che.10",50000000,0
"Management of diabetes","che.10",50000000,1
"N/A (surgery)","che.10",50000000,1
"Pregnancy and delivery care","che.10",50000000,0
"Prevention of cardiovascular disease","che.10",50000000,1
"Tuberculosis effective treatment coverage","che.10",50000000,1
"Cancer detection and treatment","delta.deaths",51000000,1
"Child treatment","delta.deaths",51000000,1
"Childhood immunization","delta.deaths",51000000,1
"HIV treatment","delta.deaths",51000000,1
"Management of diabetes","delta.deaths",51000000,1
"N/A (surgery)","delta.deaths",51000000,0
"Pregnancy and delivery care","delta.deaths",51000000,1
"Prevention of cardiovascular disease","delta.deaths",51000000,0
"Tuberculosis effective treatment coverage","delta.deaths",51000000,1
"Cancer detection and treatment","che.10",51000000,1
"Child treatment","che.10",51000000,1
"Childhood immunization","che.10",51000000,0
"HIV treatment","che.10",51000000,0
"Management of diabetes","che.10",51000000,1
"N/A (surgery)","che.10",51000000,1
"Pregnancy and delivery care","che.10",51000000,0
"Prevention of cardiovascular disease","che.10",51000000,1
"Tuberculosis effective treatment coverage","che.10",51000000,1
"Cancer detection and treatment","delta.deaths",52000000,1
"Child treatment","delta.deaths",52000000,1
"Childhood immunization","delta.deaths",52000000,1
"HIV treatment","delta.deaths",52000000,1
"Management of diabetes","delta.deaths",52000000,1
"N/A (surgery)","delta.deaths",52000000,0
"Pregnancy and delivery care","delta.deaths",52000000,1
"Prevention of cardiovascular disease","delta.deaths",52000000,0
"Tuberculosis effective treatment coverage","delta.deaths",52000000,1
"Cancer detection and treatment","che.10",52000000,1
"Child treatment","che.10",52000000,1
"Childhood immunization","che.10",52000000,0
"HIV treatment","che.10",52000000,0
"Management of diabetes","che.10",52000000,1
"N/A (surgery)","che.10",52000000,1
"Pregnancy and delivery care","che.10",52000000,0
"Prevention of cardiovascular disease","che.10",52000000,1
"Tuberculosis effective treatment coverage","che.10",52000000,1
"Cancer detection and treatment","delta.deaths",53000000,1
"Child treatment","delta.deaths",53000000,1
"Childhood immunization","delta.deaths",53000000,1
"HIV treatment","delta.deaths",53000000,1
"Management of diabetes","delta.deaths",53000000,1
"N/A (surgery)","delta.deaths",53000000,0
"Pregnancy and delivery care","delta.deaths",53000000,1
"Prevention of cardiovascular disease","delta.deaths",53000000,0
"Tuberculosis effective treatment coverage","delta.deaths",53000000,1
"Cancer detection and treatment","che.10",53000000,1
"Child treatment","che.10",53000000,1
"Childhood immunization","che.10",53000000,0
"HIV treatment","che.10",53000000,0
"Management of diabetes","che.10",53000000,1
"N/A (surgery)","che.10",53000000,1
"Pregnancy and delivery care","che.10",53000000,0
"Prevention of cardiovascular disease","che.10",53000000,1
"Tuberculosis effective treatment coverage","che.10",53000000,1
"Cancer detection and treatment","delta.deaths",54000000,1
"Child treatment","delta.deaths",54000000,1
"Childhood immunization","delta.deaths",54000000,1
"HIV treatment","delta.deaths",54000000,1
"Management of diabetes","delta.deaths",54000000,1
"N/A (surgery)","delta.deaths",54000000,0
"Pregnancy and delivery care","delta.deaths",54000000,1
"Prevention of cardiovascular disease","delta.deaths",54000000,0
"Tuberculosis effective treatment coverage","delta.deaths",54000000,1
"Cancer detection and treatment","che.10",54000000,0
"Child treatment","che.10",54000000,1
"Childhood immunization","che.10",54000000,0
"HIV treatment","che.10",54000000,1
"Management of diabetes","che.10",54000000,1
"N/A (surgery)","che.10",54000000,1
"Pregnancy and delivery care","che.10",54000000,0
"Prevention of cardiovascular disease","che.10",54000000,1
"Tuberculosis effective treatment coverage","che.10",54000000,1
"Cancer detection and treatment","delta.deaths",55000000,1
"Child treatment","delta.deaths",55000000,1
"Childhood immunization","delta.deaths",55000000,1
"HIV treatment","delta.deaths",55000000,1
"Management of diabetes","delta.deaths",55000000,1
"N/A (surgery)","delta.deaths",55000000,0
"Pregnancy and delivery care","delta.deaths",55000000,1
"Prevention of cardiovascular disease","delta.deaths",55000000,0
"Tuberculosis effective treatment coverage","delta.deaths",55000000,1
"Cancer detection and treatment","che.10",55000000,0
"Child treatment","che.10",55000000,1
"Childhood immunization","che.10",55000000,0
"HIV treatment","che.10",55000000,1
"Management of diabetes","che.10",55000000,1
"N/A (surgery)","che.10",55000000,1
"Pregnancy and delivery care","che.10",55000000,0
"Prevention of cardiovascular disease","che.10",55000000,1
"Tuberculosis effective treatment coverage","che.10",55000000,1
"Cancer detection and treatment","delta.deaths",56000000,1
"Child treatment","delta.deaths",56000000,1
"Childhood immunization","delta.deaths",56000000,1
"HIV treatment","delta.deaths",56000000,1
"Management of diabetes","delta.deaths",56000000,1
"N/A (surgery)","delta.deaths",56000000,0
"Pregnancy and delivery care","delta.deaths",56000000,1
"Prevention of cardiovascular disease","delta.deaths",56000000,0
"Tuberculosis effective treatment coverage","delta.deaths",56000000,1
"Cancer detection and treatment","che.10",56000000,1
"Child treatment","che.10",56000000,1
"Childhood immunization","che.10",56000000,0
"HIV treatment","che.10",56000000,1
"Management of diabetes","che.10",56000000,1
"N/A (surgery)","che.10",56000000,1
"Pregnancy and delivery care","che.10",56000000,0
"Prevention of cardiovascular disease","che.10",56000000,1
"Tuberculosis effective treatment coverage","che.10",56000000,1
"Cancer detection and treatment","delta.deaths",57000000,1
"Child treatment","delta.deaths",57000000,1
"Childhood immunization","delta.deaths",57000000,1
"HIV treatment","delta.deaths",57000000,1
"Management of diabetes","delta.deaths",57000000,1
"N/A (surgery)","delta.deaths",57000000,0
"Pregnancy and delivery care","delta.deaths",57000000,1
"Prevention of cardiovascular disease","delta.deaths",57000000,0
"Tuberculosis effective treatment coverage","delta.deaths",57000000,1
"Cancer detection and treatment","che.10",57000000,1
"Child treatment","che.10",57000000,1
"Childhood immunization","che.10",57000000,0
"HIV treatment","che.10",57000000,1
"Management of diabetes","che.10",57000000,1
"N/A (surgery)","che.10",57000000,1
"Pregnancy and delivery care","che.10",57000000,0
"Prevention of cardiovascular disease","che.10",57000000,1
"Tuberculosis effective treatment coverage","che.10",57000000,1
"Cancer detection and treatment","delta.deaths",58000000,1
"Child treatment","delta.deaths",58000000,1
"Childhood immunization","delta.deaths",58000000,1
"HIV treatment","delta.deaths",58000000,1
"Management of diabetes","delta.deaths",58000000,1
"N/A (surgery)","delta.deaths",58000000,0
"Pregnancy and delivery care","delta.deaths",58000000,1
"Prevention of cardiovascular disease","delta.deaths",58000000,0
"Tuberculosis effective treatment coverage","delta.deaths",58000000,1
"Cancer detection and treatment","che.10",58000000,1
"Child treatment","che.10",58000000,1
"Childhood immunization","che.10",58000000,0
"HIV treatment","che.10",58000000,1
"Management of diabetes","che.10",58000000,1
"N/A (surgery)","che.10",58000000,1
"Pregnancy and delivery care","che.10",58000000,0
"Prevention of cardiovascular disease","che.10",58000000,1
"Tuberculosis effective treatment coverage","che.10",58000000,1
"Cancer detection and treatment","delta.deaths",59000000,1
"Child treatment","delta.deaths",59000000,1
"Childhood immunization","delta.deaths",59000000,1
"HIV treatment","delta.deaths",59000000,1
"Management of diabetes","delta.deaths",59000000,1
"N/A (surgery)","delta.deaths",59000000,0
"Pregnancy and delivery care","delta.deaths",59000000,1
"Prevention of cardiovascular disease","delta.deaths",59000000,0
"Tuberculosis effective treatment coverage","delta.deaths",59000000,1
"Cancer detection and treatment","che.10",59000000,1
"Child treatment","che.10",59000000,1
"Childhood immunization","che.10",59000000,0
"HIV treatment","che.10",59000000,1
"Management of diabetes","che.10",59000000,1
"N/A (surgery)","che.10",59000000,1
"Pregnancy and delivery care","che.10",59000000,0
"Prevention of cardiovascular disease","che.10",59000000,1
"Tuberculosis effective treatment coverage","che.10",59000000,1
"Cancer detection and treatment","delta.deaths",60000000,1
"Child treatment","delta.deaths",60000000,1
"Childhood immunization","delta.deaths",60000000,1
"HIV treatment","delta.deaths",60000000,1
"Management of diabetes","delta.deaths",60000000,1
"N/A (surgery)","delta.deaths",60000000,0
"Pregnancy and delivery care","delta.deaths",60000000,1
"Prevention of cardiovascular disease","delta.deaths",60000000,0
"Tuberculosis effective treatment coverage","delta.deaths",60000000,1
"Cancer detection and treatment","che.10",60000000,1
"Child treatment","che.10",60000000,1
"Childhood immunization","che.10",60000000,0
"HIV treatment","che.10",60000000,1
"Management of diabetes","che.10",60000000,1
"N/A (surgery)","che.10",60000000,1
"Pregnancy and delivery care","che.10",60000000,0
"Prevention of cardiovascular disease","che.10",60000000,1
"Tuberculosis effective treatment coverage","che.10",60000000,1
"Cancer detection and treatment","delta.deaths",61000000,1
"Child treatment","delta.deaths",61000000,1
"Childhood immunization","delta.deaths",61000000,1
"HIV treatment","delta.deaths",61000000,1
"Management of diabetes","delta.deaths",61000000,1
"N/A (surgery)","delta.deaths",61000000,0
"Pregnancy and delivery care","delta.deaths",61000000,1
"Prevention of cardiovascular disease","delta.deaths",61000000,0
"Tuberculosis effective treatment coverage","delta.deaths",61000000,1
"Cancer detection and treatment","che.10",61000000,1
"Child treatment","che.10",61000000,1
"Childhood immunization","che.10",61000000,0
"HIV treatment","che.10",61000000,1
"Management of diabetes","che.10",61000000,1
"N/A (surgery)","che.10",61000000,1
"Pregnancy and delivery care","che.10",61000000,0
"Prevention of cardiovascular disease","che.10",61000000,1
"Tuberculosis effective treatment coverage","che.10",61000000,1
"Cancer detection and treatment","delta.deaths",62000000,1
"Child treatment","delta.deaths",62000000,1
"Childhood immunization","delta.deaths",62000000,1
"HIV treatment","delta.deaths",62000000,1
"Management of diabetes","delta.deaths",62000000,1
"N/A (surgery)","delta.deaths",62000000,0
"Pregnancy and delivery care","delta.deaths",62000000,1
"Prevention of cardiovascular disease","delta.deaths",62000000,0
"Tuberculosis effective treatment coverage","delta.deaths",62000000,1
"Cancer detection and treatment","che.10",62000000,0
"Child treatment","che.10",62000000,0
"Childhood immunization","che.10",62000000,0
"HIV treatment","che.10",62000000,0
"Management of diabetes","che.10",62000000,0
"N/A (surgery)","che.10",62000000,1
"Pregnancy and delivery care","che.10",62000000,1
"Prevention of cardiovascular disease","che.10",62000000,1
"Tuberculosis effective treatment coverage","che.10",62000000,0
"Cancer detection and treatment","delta.deaths",63000000,0
"Child treatment","delta.deaths",63000000,1
"Childhood immunization","delta.deaths",63000000,1
"HIV treatment","delta.deaths",63000000,1
"Management of diabetes","delta.deaths",63000000,1
"N/A (surgery)","delta.deaths",63000000,0
"Pregnancy and delivery care","delta.deaths",63000000,1
"Prevention of cardiovascular disease","delta.deaths",63000000,1
"Tuberculosis effective treatment coverage","delta.deaths",63000000,1
"Cancer detection and treatment","che.10",63000000,0
"Child treatment","che.10",63000000,0
"Childhood immunization","che.10",63000000,0
"HIV treatment","che.10",63000000,0
"Management of diabetes","che.10",63000000,1
"N/A (surgery)","che.10",63000000,1
"Pregnancy and delivery care","che.10",63000000,1
"Prevention of cardiovascular disease","che.10",63000000,1
"Tuberculosis effective treatment coverage","che.10",63000000,0
"Cancer detection and treatment","delta.deaths",64000000,1
"Child treatment","delta.deaths",64000000,1
"Childhood immunization","delta.deaths",64000000,1
"HIV treatment","delta.deaths",64000000,1
"Management of diabetes","delta.deaths",64000000,0
"N/A (surgery)","delta.deaths",64000000,0
"Pregnancy and delivery care","delta.deaths",64000000,1
"Prevention of cardiovascular disease","delta.deaths",64000000,1
"Tuberculosis effective treatment coverage","delta.deaths",64000000,1
"Cancer detection and treatment","che.10",64000000,1
"Child treatment","che.10",64000000,0
"Childhood immunization","che.10",64000000,0
"HIV treatment","che.10",64000000,0
"Management of diabetes","che.10",64000000,1
"N/A (surgery)","che.10",64000000,1
"Pregnancy and delivery care","che.10",64000000,1
"Prevention of cardiovascular disease","che.10",64000000,1
"Tuberculosis effective treatment coverage","che.10",64000000,0
"Cancer detection and treatment","delta.deaths",65000000,1
"Child treatment","delta.deaths",65000000,1
"Childhood immunization","delta.deaths",65000000,1
"HIV treatment","delta.deaths",65000000,1
"Management of diabetes","delta.deaths",65000000,1
"N/A (surgery)","delta.deaths",65000000,0
"Pregnancy and delivery care","delta.deaths",65000000,1
"Prevention of cardiovascular disease","delta.deaths",65000000,1
"Tuberculosis effective treatment coverage","delta.deaths",65000000,1
"Cancer detection and treatment","che.10",65000000,1
"Child treatment","che.10",65000000,0
"Childhood immunization","che.10",65000000,0
"HIV treatment","che.10",65000000,0
"Management of diabetes","che.10",65000000,1
"N/A (surgery)","che.10",65000000,1
"Pregnancy and delivery care","che.10",65000000,1
"Prevention of cardiovascular disease","che.10",65000000,1
"Tuberculosis effective treatment coverage","che.10",65000000,0
"Cancer detection and treatment","delta.deaths",66000000,1
"Child treatment","delta.deaths",66000000,1
"Childhood immunization","delta.deaths",66000000,1
"HIV treatment","delta.deaths",66000000,1
"Management of diabetes","delta.deaths",66000000,1
"N/A (surgery)","delta.deaths",66000000,0
"Pregnancy and delivery care","delta.deaths",66000000,1
"Prevention of cardiovascular disease","delta.deaths",66000000,1
"Tuberculosis effective treatment coverage","delta.deaths",66000000,1
"Cancer detection and treatment","che.10",66000000,0
"Child treatment","che.10",66000000,0
"Childhood immunization","che.10",66000000,0
"HIV treatment","che.10",66000000,0
"Management of diabetes","che.10",66000000,0
"N/A (surgery)","che.10",66000000,1
"Pregnancy and delivery care","che.10",66000000,1
"Prevention of cardiovascular disease","che.10",66000000,1
"Tuberculosis effective treatment coverage","che.10",66000000,1
"Cancer detection and treatment","delta.deaths",67000000,1
"Child treatment","delta.deaths",67000000,1
"Childhood immunization","delta.deaths",67000000,1
"HIV treatment","delta.deaths",67000000,1
"Management of diabetes","delta.deaths",67000000,1
"N/A (surgery)","delta.deaths",67000000,0
"Pregnancy and delivery care","delta.deaths",67000000,1
"Prevention of cardiovascular disease","delta.deaths",67000000,1
"Tuberculosis effective treatment coverage","delta.deaths",67000000,1
"Cancer detection and treatment","che.10",67000000,0
"Child treatment","che.10",67000000,0
"Childhood immunization","che.10",67000000,0
"HIV treatment","che.10",67000000,0
"Management of diabetes","che.10",67000000,1
"N/A (surgery)","che.10",67000000,1
"Pregnancy and delivery care","che.10",67000000,1
"Prevention of cardiovascular disease","che.10",67000000,1
"Tuberculosis effective treatment coverage","che.10",67000000,1
"Cancer detection and treatment","delta.deaths",68000000,1
"Child treatment","delta.deaths",68000000,1
"Childhood immunization","delta.deaths",68000000,1
"HIV treatment","delta.deaths",68000000,1
"Management of diabetes","delta.deaths",68000000,1
"N/A (surgery)","delta.deaths",68000000,0
"Pregnancy and delivery care","delta.deaths",68000000,1
"Prevention of cardiovascular disease","delta.deaths",68000000,1
"Tuberculosis effective treatment coverage","delta.deaths",68000000,1
"Cancer detection and treatment","che.10",68000000,1
"Child treatment","che.10",68000000,0
"Childhood immunization","che.10",68000000,0
"HIV treatment","che.10",68000000,0
"Management of diabetes","che.10",68000000,1
"N/A (surgery)","che.10",68000000,1
"Pregnancy and delivery care","che.10",68000000,1
"Prevention of cardiovascular disease","che.10",68000000,1
"Tuberculosis effective treatment coverage","che.10",68000000,1
"Cancer detection and treatment","delta.deaths",69000000,1
"Child treatment","delta.deaths",69000000,1
"Childhood immunization","delta.deaths",69000000,1
"HIV treatment","delta.deaths",69000000,1
"Management of diabetes","delta.deaths",69000000,1
"N/A (surgery)","delta.deaths",69000000,0
"Pregnancy and delivery care","delta.deaths",69000000,1
"Prevention of cardiovascular disease","delta.deaths",69000000,1
"Tuberculosis effective treatment coverage","delta.deaths",69000000,1
"Cancer detection and treatment","che.10",69000000,1
"Child treatment","che.10",69000000,0
"Childhood immunization","che.10",69000000,0
"HIV treatment","che.10",69000000,0
"Management of diabetes","che.10",69000000,1
"N/A (surgery)","che.10",69000000,1
"Pregnancy and delivery care","che.10",69000000,1
"Prevention of cardiovascular disease","che.10",69000000,1
"Tuberculosis effective treatment coverage","che.10",69000000,1
"Cancer detection and treatment","delta.deaths",70000000,1
"Child treatment","delta.deaths",70000000,1
"Childhood immunization","delta.deaths",70000000,1
"HIV treatment","delta.deaths",70000000,1
"Management of diabetes","delta.deaths",70000000,1
"N/A (surgery)","delta.deaths",70000000,0
"Pregnancy and delivery care","delta.deaths",70000000,1
"Prevention of cardiovascular disease","delta.deaths",70000000,1
"Tuberculosis effective treatment coverage","delta.deaths",70000000,1
"Cancer detection and treatment","che.10",70000000,1
"Child treatment","che.10",70000000,0
"Childhood immunization","che.10",70000000,0
"HIV treatment","che.10",70000000,0
"Management of diabetes","che.10",70000000,1
"N/A (surgery)","che.10",70000000,1
"Pregnancy and delivery care","che.10",70000000,1
"Prevention of cardiovascular disease","che.10",70000000,1
"Tuberculosis effective treatment coverage","che.10",70000000,1
"Cancer detection and treatment","delta.deaths",71000000,1
"Child treatment","delta.deaths",71000000,1
"Childhood immunization","delta.deaths",71000000,1
"HIV treatment","delta.deaths",71000000,1
"Management of diabetes","delta.deaths",71000000,1
"N/A (surgery)","delta.deaths",71000000,0
"Pregnancy and delivery care","delta.deaths",71000000,1
"Prevention of cardiovascular disease","delta.deaths",71000000,1
"Tuberculosis effective treatment coverage","delta.deaths",71000000,1
"Cancer detection and treatment","che.10",71000000,1
"Child treatment","che.10",71000000,0
"Childhood immunization","che.10",71000000,0
"HIV treatment","che.10",71000000,0
"Management of diabetes","che.10",71000000,1
"N/A (surgery)","che.10",71000000,1
"Pregnancy and delivery care","che.10",71000000,1
"Prevention of cardiovascular disease","che.10",71000000,1
"Tuberculosis effective treatment coverage","che.10",71000000,1
"Cancer detection and treatment","delta.deaths",72000000,1
"Child treatment","delta.deaths",72000000,1
"Childhood immunization","delta.deaths",72000000,1
"HIV treatment","delta.deaths",72000000,1
"Management of diabetes","delta.deaths",72000000,1
"N/A (surgery)","delta.deaths",72000000,0
"Pregnancy and delivery care","delta.deaths",72000000,1
"Prevention of cardiovascular disease","delta.deaths",72000000,1
"Tuberculosis effective treatment coverage","delta.deaths",72000000,1
"Cancer detection and treatment","che.10",72000000,0
"Child treatment","che.10",72000000,1
"Childhood immunization","che.10",72000000,0
"HIV treatment","che.10",72000000,0
"Management of diabetes","che.10",72000000,1
"N/A (surgery)","che.10",72000000,1
"Pregnancy and delivery care","che.10",72000000,1
"Prevention of cardiovascular disease","che.10",72000000,1
"Tuberculosis effective treatment coverage","che.10",72000000,1
"Cancer detection and treatment","delta.deaths",73000000,1
"Child treatment","delta.deaths",73000000,1
"Childhood immunization","delta.deaths",73000000,1
"HIV treatment","delta.deaths",73000000,1
"Management of diabetes","delta.deaths",73000000,1
"N/A (surgery)","delta.deaths",73000000,0
"Pregnancy and delivery care","delta.deaths",73000000,1
"Prevention of cardiovascular disease","delta.deaths",73000000,1
"Tuberculosis effective treatment coverage","delta.deaths",73000000,1
"Cancer detection and treatment","che.10",73000000,0
"Child treatment","che.10",73000000,1
"Childhood immunization","che.10",73000000,0
"HIV treatment","che.10",73000000,0
"Management of diabetes","che.10",73000000,1
"N/A (surgery)","che.10",73000000,1
"Pregnancy and delivery care","che.10",73000000,1
"Prevention of cardiovascular disease","che.10",73000000,1
"Tuberculosis effective treatment coverage","che.10",73000000,1
"Cancer detection and treatment","delta.deaths",74000000,1
"Child treatment","delta.deaths",74000000,1
"Childhood immunization","delta.deaths",74000000,1
"HIV treatment","delta.deaths",74000000,1
"Management of diabetes","delta.deaths",74000000,1
"N/A (surgery)","delta.deaths",74000000,0
"Pregnancy and delivery care","delta.deaths",74000000,1
"Prevention of cardiovascular disease","delta.deaths",74000000,1
"Tuberculosis effective treatment coverage","delta.deaths",74000000,1
"Cancer detection and treatment","che.10",74000000,1
"Child treatment","che.10",74000000,1
"Childhood immunization","che.10",74000000,0
"HIV treatment","che.10",74000000,0
"Management of diabetes","che.10",74000000,1
"N/A (surgery)","che.10",74000000,1
"Pregnancy and delivery care","che.10",74000000,1
"Prevention of cardiovascular disease","che.10",74000000,1
"Tuberculosis effective treatment coverage","che.10",74000000,1
"Cancer detection and treatment","delta.deaths",75000000,1
"Child treatment","delta.deaths",75000000,1
"Childhood immunization","delta.deaths",75000000,1
"HIV treatment","delta.deaths",75000000,1
"Management of diabetes","delta.deaths",75000000,1
"N/A (surgery)","delta.deaths",75000000,0
"Pregnancy and delivery care","delta.deaths",75000000,1
"Prevention of cardiovascular disease","delta.deaths",75000000,1
"Tuberculosis effective treatment coverage","delta.deaths",75000000,1
"Cancer detection and treatment","che.10",75000000,1
"Child treatment","che.10",75000000,1
"Childhood immunization","che.10",75000000,0
"HIV treatment","che.10",75000000,0
"Management of diabetes","che.10",75000000,1
"N/A (surgery)","che.10",75000000,1
"Pregnancy and delivery care","che.10",75000000,1
"Prevention of cardiovascular disease","che.10",75000000,1
"Tuberculosis effective treatment coverage","che.10",75000000,1
"Cancer detection and treatment","delta.deaths",76000000,1
"Child treatment","delta.deaths",76000000,1
"Childhood immunization","delta.deaths",76000000,1
"HIV treatment","delta.deaths",76000000,1
"Management of diabetes","delta.deaths",76000000,1
"N/A (surgery)","delta.deaths",76000000,0
"Pregnancy and delivery care","delta.deaths",76000000,1
"Prevention of cardiovascular disease","delta.deaths",76000000,1
"Tuberculosis effective treatment coverage","delta.deaths",76000000,1
"Cancer detection and treatment","che.10",76000000,1
"Child treatment","che.10",76000000,1
"Childhood immunization","che.10",76000000,0
"HIV treatment","che.10",76000000,0
"Management of diabetes","che.10",76000000,1
"N/A (surgery)","che.10",76000000,1
"Pregnancy and delivery care","che.10",76000000,1
"Prevention of cardiovascular disease","che.10",76000000,1
"Tuberculosis effective treatment coverage","che.10",76000000,1
"Cancer detection and treatment","delta.deaths",77000000,1
"Child treatment","delta.deaths",77000000,1
"Childhood immunization","delta.deaths",77000000,1
"HIV treatment","delta.deaths",77000000,1
"Management of diabetes","delta.deaths",77000000,1
"N/A (surgery)","delta.deaths",77000000,0
"Pregnancy and delivery care","delta.deaths",77000000,1
"Prevention of cardiovascular disease","delta.deaths",77000000,1
"Tuberculosis effective treatment coverage","delta.deaths",77000000,1
"Cancer detection and treatment","che.10",77000000,1
"Child treatment","che.10",77000000,1
"Childhood immunization","che.10",77000000,0
"HIV treatment","che.10",77000000,0
"Management of diabetes","che.10",77000000,1
"N/A (surgery)","che.10",77000000,1
"Pregnancy and delivery care","che.10",77000000,1
"Prevention of cardiovascular disease","che.10",77000000,1
"Tuberculosis effective treatment coverage","che.10",77000000,1
"Cancer detection and treatment","delta.deaths",78000000,1
"Child treatment","delta.deaths",78000000,1
"Childhood immunization","delta.deaths",78000000,1
"HIV treatment","delta.deaths",78000000,1
"Management of diabetes","delta.deaths",78000000,1
"N/A (surgery)","delta.deaths",78000000,0
"Pregnancy and delivery care","delta.deaths",78000000,1
"Prevention of cardiovascular disease","delta.deaths",78000000,1
"Tuberculosis effective treatment coverage","delta.deaths",78000000,1
"Cancer detection and treatment","che.10",78000000,1
"Child treatment","che.10",78000000,1
"Childhood immunization","che.10",78000000,0
"HIV treatment","che.10",78000000,0
"Management of diabetes","che.10",78000000,1
"N/A (surgery)","che.10",78000000,1
"Pregnancy and delivery care","che.10",78000000,1
"Prevention of cardiovascular disease","che.10",78000000,1
"Tuberculosis effective treatment coverage","che.10",78000000,1
"Cancer detection and treatment","delta.deaths",79000000,1
"Child treatment","delta.deaths",79000000,1
"Childhood immunization","delta.deaths",79000000,1
"HIV treatment","delta.deaths",79000000,1
"Management of diabetes","delta.deaths",79000000,1
"N/A (surgery)","delta.deaths",79000000,0
"Pregnancy and delivery care","delta.deaths",79000000,1
"Prevention of cardiovascular disease","delta.deaths",79000000,1
"Tuberculosis effective treatment coverage","delta.deaths",79000000,1
"Cancer detection and treatment","che.10",79000000,0
"Child treatment","che.10",79000000,1
"Childhood immunization","che.10",79000000,0
"HIV treatment","che.10",79000000,1
"Management of diabetes","che.10",79000000,1
"N/A (surgery)","che.10",79000000,1
"Pregnancy and delivery care","che.10",79000000,1
"Prevention of cardiovascular disease","che.10",79000000,1
"Tuberculosis effective treatment coverage","che.10",79000000,1
"Cancer detection and treatment","delta.deaths",80000000,1
"Child treatment","delta.deaths",80000000,1
"Childhood immunization","delta.deaths",80000000,1
"HIV treatment","delta.deaths",80000000,1
"Management of diabetes","delta.deaths",80000000,1
"N/A (surgery)","delta.deaths",80000000,0
"Pregnancy and delivery care","delta.deaths",80000000,1
"Prevention of cardiovascular disease","delta.deaths",80000000,1
"Tuberculosis effective treatment coverage","delta.deaths",80000000,1
"Cancer detection and treatment","che.10",80000000,1
"Child treatment","che.10",80000000,1
"Childhood immunization","che.10",80000000,0
"HIV treatment","che.10",80000000,1
"Management of diabetes","che.10",80000000,1
"N/A (surgery)","che.10",80000000,1
"Pregnancy and delivery care","che.10",80000000,1
"Prevention of cardiovascular disease","che.10",80000000,1
"Tuberculosis effective treatment coverage","che.10",80000000,1
"Cancer detection and treatment","delta.deaths",81000000,1
"Child treatment","delta.deaths",81000000,1
"Childhood immunization","delta.deaths",81000000,1
"HIV treatment","delta.deaths",81000000,1
"Management of diabetes","delta.deaths",81000000,1
"N/A (surgery)","delta.deaths",81000000,0
"Pregnancy and delivery care","delta.deaths",81000000,1
"Prevention of cardiovascular disease","delta.deaths",81000000,1
"Tuberculosis effective treatment coverage","delta.deaths",81000000,1
"Cancer detection and treatment","che.10",81000000,1
"Child treatment","che.10",81000000,1
"Childhood immunization","che.10",81000000,0
"HIV treatment","che.10",81000000,1
"Management of diabetes","che.10",81000000,1
"N/A (surgery)","che.10",81000000,1
"Pregnancy and delivery care","che.10",81000000,1
"Prevention of cardiovascular disease","che.10",81000000,1
"Tuberculosis effective treatment coverage","che.10",81000000,1
"Cancer detection and treatment","delta.deaths",82000000,1
"Child treatment","delta.deaths",82000000,1
"Childhood immunization","delta.deaths",82000000,1
"HIV treatment","delta.deaths",82000000,1
"Management of diabetes","delta.deaths",82000000,1
"N/A (surgery)","delta.deaths",82000000,0
"Pregnancy and delivery care","delta.deaths",82000000,1
"Prevention of cardiovascular disease","delta.deaths",82000000,1
"Tuberculosis effective treatment coverage","delta.deaths",82000000,1
"Cancer detection and treatment","che.10",82000000,1
"Child treatment","che.10",82000000,1
"Childhood immunization","che.10",82000000,0
"HIV treatment","che.10",82000000,1
"Management of diabetes","che.10",82000000,1
"N/A (surgery)","che.10",82000000,1
"Pregnancy and delivery care","che.10",82000000,1
"Prevention of cardiovascular disease","che.10",82000000,1
"Tuberculosis effective treatment coverage","che.10",82000000,1
"Cancer detection and treatment","delta.deaths",83000000,1
"Child treatment","delta.deaths",83000000,1
"Childhood immunization","delta.deaths",83000000,1
"HIV treatment","delta.deaths",83000000,1
"Management of diabetes","delta.deaths",83000000,1
"N/A (surgery)","delta.deaths",83000000,0
"Pregnancy and delivery care","delta.deaths",83000000,1
"Prevention of cardiovascular disease","delta.deaths",83000000,1
"Tuberculosis effective treatment coverage","delta.deaths",83000000,1
"Cancer detection and treatment","che.10",83000000,1
"Child treatment","che.10",83000000,1
"Childhood immunization","che.10",83000000,0
"HIV treatment","che.10",83000000,1
"Management of diabetes","che.10",83000000,1
"N/A (surgery)","che.10",83000000,1
"Pregnancy and delivery care","che.10",83000000,1
"Prevention of cardiovascular disease","che.10",83000000,1
"Tuberculosis effective treatment coverage","che.10",83000000,1
"Cancer detection and treatment","delta.deaths",84000000,0
"Child treatment","delta.deaths",84000000,1
"Childhood immunization","delta.deaths",84000000,1
"HIV treatment","delta.deaths",84000000,1
"Management of diabetes","delta.deaths",84000000,0
"N/A (surgery)","delta.deaths",84000000,1
"Pregnancy and delivery care","delta.deaths",84000000,1
"Prevention of cardiovascular disease","delta.deaths",84000000,1
"Tuberculosis effective treatment coverage","delta.deaths",84000000,1
"Cancer detection and treatment","che.10",84000000,1
"Child treatment","che.10",84000000,1
"Childhood immunization","che.10",84000000,0
"HIV treatment","che.10",84000000,1
"Management of diabetes","che.10",84000000,1
"N/A (surgery)","che.10",84000000,1
"Pregnancy and delivery care","che.10",84000000,1
"Prevention of cardiovascular disease","che.10",84000000,1
"Tuberculosis effective treatment coverage","che.10",84000000,1
"Cancer detection and treatment","delta.deaths",85000000,0
"Child treatment","delta.deaths",85000000,1
"Childhood immunization","delta.deaths",85000000,1
"HIV treatment","delta.deaths",85000000,1
"Management of diabetes","delta.deaths",85000000,1
"N/A (surgery)","delta.deaths",85000000,1
"Pregnancy and delivery care","delta.deaths",85000000,1
"Prevention of cardiovascular disease","delta.deaths",85000000,1
"Tuberculosis effective treatment coverage","delta.deaths",85000000,1
"Cancer detection and treatment","che.10",85000000,1
"Child treatment","che.10",85000000,1
"Childhood immunization","che.10",85000000,0
"HIV treatment","che.10",85000000,1
"Management of diabetes","che.10",85000000,1
"N/A (surgery)","che.10",85000000,1
"Pregnancy and delivery care","che.10",85000000,1
"Prevention of cardiovascular disease","che.10",85000000,1
"Tuberculosis effective treatment coverage","che.10",85000000,1
"Cancer detection and treatment","delta.deaths",86000000,1
"Child treatment","delta.deaths",86000000,1
"Childhood immunization","delta.deaths",86000000,1
"HIV treatment","delta.deaths",86000000,1
"Management of diabetes","delta.deaths",86000000,1
"N/A (surgery)","delta.deaths",86000000,1
"Pregnancy and delivery care","delta.deaths",86000000,1
"Prevention of cardiovascular disease","delta.deaths",86000000,1
"Tuberculosis effective treatment coverage","delta.deaths",86000000,1
"Cancer detection and treatment","che.10",86000000,1
"Child treatment","che.10",86000000,1
"Childhood immunization","che.10",86000000,1
"HIV treatment","che.10",86000000,1
"Management of diabetes","che.10",86000000,1
"N/A (surgery)","che.10",86000000,1
"Pregnancy and delivery care","che.10",86000000,1
"Prevention of cardiovascular disease","che.10",86000000,1
"Tuberculosis effective treatment coverage","che.10",86000000,1
"Cancer detection and treatment","delta.deaths",87000000,1
"Child treatment","delta.deaths",87000000,1
"Childhood immunization","delta.deaths",87000000,1
"HIV treatment","delta.deaths",87000000,1
"Management of diabetes","delta.deaths",87000000,1
"N/A (surgery)","delta.deaths",87000000,1
"Pregnancy and delivery care","delta.deaths",87000000,1
"Prevention of cardiovascular disease","delta.deaths",87000000,1
"Tuberculosis effective treatment coverage","delta.deaths",87000000,1
"Cancer detection and treatment","che.10",87000000,1
"Child treatment","che.10",87000000,1
"Childhood immunization","che.10",87000000,1
"HIV treatment","che.10",87000000,1
"Management of diabetes","che.10",87000000,1
"N/A (surgery)","che.10",87000000,1
"Pregnancy and delivery care","che.10",87000000,1
"Prevention of cardiovascular disease","che.10",87000000,1
"Tuberculosis effective treatment coverage","che.10",87000000,1
"Cancer detection and treatment","delta.deaths",88000000,1
"Child treatment","delta.deaths",88000000,1
"Childhood immunization","delta.deaths",88000000,1
"HIV treatment","delta.deaths",88000000,1
"Management of diabetes","delta.deaths",88000000,1
"N/A (surgery)","delta.deaths",88000000,1
"Pregnancy and delivery care","delta.deaths",88000000,1
"Prevention of cardiovascular disease","delta.deaths",88000000,1
"Tuberculosis effective treatment coverage","delta.deaths",88000000,1
"Cancer detection and treatment","che.10",88000000,1
"Child treatment","che.10",88000000,1
"Childhood immunization","che.10",88000000,1
"HIV treatment","che.10",88000000,1
"Management of diabetes","che.10",88000000,1
"N/A (surgery)","che.10",88000000,1
"Pregnancy and delivery care","che.10",88000000,1
"Prevention of cardiovascular disease","che.10",88000000,1
"Tuberculosis effective treatment coverage","che.10",88000000,1
"Cancer detection and treatment","delta.deaths",89000000,1
"Child treatment","delta.deaths",89000000,1
"Childhood immunization","delta.deaths",89000000,1
"HIV treatment","delta.deaths",89000000,1
"Management of diabetes","delta.deaths",89000000,1
"N/A (surgery)","delta.deaths",89000000,1
"Pregnancy and delivery care","delta.deaths",89000000,1
"Prevention of cardiovascular disease","delta.deaths",89000000,1
"Tuberculosis effective treatment coverage","delta.deaths",89000000,1
"Cancer detection and treatment","che.10",89000000,1
"Child treatment","che.10",89000000,1
"Childhood immunization","che.10",89000000,1
"HIV treatment","che.10",89000000,1
"Management of diabetes","che.10",89000000,1
"N/A (surgery)","che.10",89000000,1
"Pregnancy and delivery care","che.10",89000000,1
"Prevention of cardiovascular disease","che.10",89000000,1
"Tuberculosis effective treatment coverage","che.10",89000000,1
"Cancer detection and treatment","delta.deaths",90000000,1
"Child treatment","delta.deaths",90000000,1
"Childhood immunization","delta.deaths",90000000,1
"HIV treatment","delta.deaths",90000000,1
"Management of diabetes","delta.deaths",90000000,1
"N/A (surgery)","delta.deaths",90000000,1
"Pregnancy and delivery care","delta.deaths",90000000,1
"Prevention of cardiovascular disease","delta.deaths",90000000,1
"Tuberculosis effective treatment coverage","delta.deaths",90000000,1
"Cancer detection and treatment","che.10",90000000,1
"Child treatment","che.10",90000000,1
"Childhood immunization","che.10",90000000,1
"HIV treatment","che.10",90000000,1
"Management of diabetes","che.10",90000000,1
"N/A (surgery)","che.10",90000000,1
"Pregnancy and delivery care","che.10",90000000,1
"Prevention of cardiovascular disease","che.10",90000000,1
"Tuberculosis effective treatment coverage","che.10",90000000,1
"Cancer detection and treatment","delta.deaths",91000000,1
"Child treatment","delta.deaths",91000000,1
"Childhood immunization","delta.deaths",91000000,1
"HIV treatment","delta.deaths",91000000,1
"Management of diabetes","delta.deaths",91000000,1
"N/A (surgery)","delta.deaths",91000000,1
"Pregnancy and delivery care","delta.deaths",91000000,1
"Prevention of cardiovascular disease","delta.deaths",91000000,1
"Tuberculosis effective treatment coverage","delta.deaths",91000000,1
"Cancer detection and treatment","che.10",91000000,1
"Child treatment","che.10",91000000,1
"Childhood immunization","che.10",91000000,1
"HIV treatment","che.10",91000000,1
"Management of diabetes","che.10",91000000,1
"N/A (surgery)","che.10",91000000,1
"Pregnancy and delivery care","che.10",91000000,1
"Prevention of cardiovascular disease","che.10",91000000,1
"Tuberculosis effective treatment coverage","che.10",91000000,1
"Cancer detection and treatment","delta.deaths",92000000,1
"Child treatment","delta.deaths",92000000,1
"Childhood immunization","delta.deaths",92000000,1
"HIV treatment","delta.deaths",92000000,1
"Management of diabetes","delta.deaths",92000000,1
"N/A (surgery)","delta.deaths",92000000,1
"Pregnancy and delivery care","delta.deaths",92000000,1
"Prevention of cardiovascular disease","delta.deaths",92000000,1
"Tuberculosis effective treatment coverage","delta.deaths",92000000,1
"Cancer detection and treatment","che.10",92000000,1
"Child treatment","che.10",92000000,1
"Childhood immunization","che.10",92000000,1
"HIV treatment","che.10",92000000,1
"Management of diabetes","che.10",92000000,1
"N/A (surgery)","che.10",92000000,1
"Pregnancy and delivery care","che.10",92000000,1
"Prevention of cardiovascular disease","che.10",92000000,1
"Tuberculosis effective treatment coverage","che.10",92000000,1
"Cancer detection and treatment","delta.deaths",93000000,1
"Child treatment","delta.deaths",93000000,1
"Childhood immunization","delta.deaths",93000000,1
"HIV treatment","delta.deaths",93000000,1
"Management of diabetes","delta.deaths",93000000,1
"N/A (surgery)","delta.deaths",93000000,1
"Pregnancy and delivery care","delta.deaths",93000000,1
"Prevention of cardiovascular disease","delta.deaths",93000000,1
"Tuberculosis effective treatment coverage","delta.deaths",93000000,1
"Cancer detection and treatment","che.10",93000000,1
"Child treatment","che.10",93000000,1
"Childhood immunization","che.10",93000000,1
"HIV treatment","che.10",93000000,1
"Management of diabetes","che.10",93000000,1
"N/A (surgery)","che.10",93000000,1
"Pregnancy and delivery care","che.10",93000000,1
"Prevention of cardiovascular disease","che.10",93000000,1
"Tuberculosis effective treatment coverage","che.10",93000000,1
"Cancer detection and treatment","delta.deaths",94000000,1
"Child treatment","delta.deaths",94000000,1
"Childhood immunization","delta.deaths",94000000,1
"HIV treatment","delta.deaths",94000000,1
"Management of diabetes","delta.deaths",94000000,1
"N/A (surgery)","delta.deaths",94000000,1
"Pregnancy and delivery care","delta.deaths",94000000,1
"Prevention of cardiovascular disease","delta.deaths",94000000,1
"Tuberculosis effective treatment coverage","delta.deaths",94000000,1
"Cancer detection and treatment","che.10",94000000,1
"Child treatment","che.10",94000000,1
"Childhood immunization","che.10",94000000,1
"HIV treatment","che.10",94000000,1
"Management of diabetes","che.10",94000000,1
"N/A (surgery)","che.10",94000000,1
"Pregnancy and delivery care","che.10",94000000,1
"Prevention of cardiovascular disease","che.10",94000000,1
"Tuberculosis effective treatment coverage","che.10",94000000,1
"Cancer detection and treatment","delta.deaths",95000000,1
"Child treatment","delta.deaths",95000000,1
"Childhood immunization","delta.deaths",95000000,1
"HIV treatment","delta.deaths",95000000,1
"Management of diabetes","delta.deaths",95000000,1
"N/A (surgery)","delta.deaths",95000000,1
"Pregnancy and delivery care","delta.deaths",95000000,1
"Prevention of cardiovascular disease","delta.deaths",95000000,1
"Tuberculosis effective treatment coverage","delta.deaths",95000000,1
"Cancer detection and treatment","che.10",95000000,1
"Child treatment","che.10",95000000,1
"Childhood immunization","che.10",95000000,1
"HIV treatment","che.10",95000000,1
"Management of diabetes","che.10",95000000,1
"N/A (surgery)","che.10",95000000,1
"Pregnancy and delivery care","che.10",95000000,1
"Prevention of cardiovascular disease","che.10",95000000,1
"Tuberculosis effective treatment coverage","che.10",95000000,1
"Cancer detection and treatment","delta.deaths",96000000,1
"Child treatment","delta.deaths",96000000,1
"Childhood immunization","delta.deaths",96000000,1
"HIV treatment","delta.deaths",96000000,1
"Management of diabetes","delta.deaths",96000000,1
"N/A (surgery)","delta.deaths",96000000,1
"Pregnancy and delivery care","delta.deaths",96000000,1
"Prevention of cardiovascular disease","delta.deaths",96000000,1
"Tuberculosis effective treatment coverage","delta.deaths",96000000,1
"Cancer detection and treatment","che.10",96000000,1
"Child treatment","che.10",96000000,1
"Childhood immunization","che.10",96000000,1
"HIV treatment","che.10",96000000,1
"Management of diabetes","che.10",96000000,1
"N/A (surgery)","che.10",96000000,1
"Pregnancy and delivery care","che.10",96000000,1
"Prevention of cardiovascular disease","che.10",96000000,1
"Tuberculosis effective treatment coverage","che.10",96000000,1
"Cancer detection and treatment","delta.deaths",97000000,1
"Child treatment","delta.deaths",97000000,1
"Childhood immunization","delta.deaths",97000000,1
"HIV treatment","delta.deaths",97000000,1
"Management of diabetes","delta.deaths",97000000,1
"N/A (surgery)","delta.deaths",97000000,1
"Pregnancy and delivery care","delta.deaths",97000000,1
"Prevention of cardiovascular disease","delta.deaths",97000000,1
"Tuberculosis effective treatment coverage","delta.deaths",97000000,1
"Cancer detection and treatment","che.10",97000000,1
"Child treatment","che.10",97000000,1
"Childhood immunization","che.10",97000000,1
"HIV treatment","che.10",97000000,1
"Management of diabetes","che.10",97000000,1
"N/A (surgery)","che.10",97000000,1
"Pregnancy and delivery care","che.10",97000000,1
"Prevention of cardiovascular disease","che.10",97000000,1
"Tuberculosis effective treatment coverage","che.10",97000000,1
"Cancer detection and treatment","delta.deaths",98000000,1
"Child treatment","delta.deaths",98000000,1
"Childhood immunization","delta.deaths",98000000,1
"HIV treatment","delta.deaths",98000000,1
"Management of diabetes","delta.deaths",98000000,1
"N/A (surgery)","delta.deaths",98000000,1
"Pregnancy and delivery care","delta.deaths",98000000,1
"Prevention of cardiovascular disease","delta.deaths",98000000,1
"Tuberculosis effective treatment coverage","delta.deaths",98000000,1
"Cancer detection and treatment","che.10",98000000,1
"Child treatment","che.10",98000000,1
"Childhood immunization","che.10",98000000,1
"HIV treatment","che.10",98000000,1
"Management of diabetes","che.10",98000000,1
"N/A (surgery)","che.10",98000000,1
"Pregnancy and delivery care","che.10",98000000,1
"Prevention of cardiovascular disease","che.10",98000000,1
"Tuberculosis effective treatment coverage","che.10",98000000,1
"Cancer detection and treatment","delta.deaths",99000000,1
"Child treatment","delta.deaths",99000000,1
"Childhood immunization","delta.deaths",99000000,1
"HIV treatment","delta.deaths",99000000,1
"Management of diabetes","delta.deaths",99000000,1
"N/A (surgery)","delta.deaths",99000000,1
"Pregnancy and delivery care","delta.deaths",99000000,1
"Prevention of cardiovascular disease","delta.deaths",99000000,1
"Tuberculosis effective treatment coverage","delta.deaths",99000000,1
"Cancer detection and treatment","che.10",99000000,1
"Child treatment","che.10",99000000,1
"Childhood immunization","che.10",99000000,1
"HIV treatment","che.10",99000000,1
"Management of diabetes","che.10",99000000,1
"N/A (surgery)","che.10",99000000,1
"Pregnancy and delivery care","che.10",99000000,1
"Prevention of cardiovascular disease","che.10",99000000,1
"Tuberculosis effective treatment coverage","che.10",99000000,1
"Cancer detection and treatment","delta.deaths",100000000,1
"Child treatment","delta.deaths",100000000,1
"Childhood immunization","delta.deaths",100000000,1
"HIV treatment","delta.deaths",100000000,1
"Management of diabetes","delta.deaths",100000000,1
"N/A (surgery)","delta.deaths",100000000,1
"Pregnancy and delivery care","delta.deaths",100000000,1
"Prevention of cardiovascular disease","delta.deaths",100000000,1
"Tuberculosis effective treatment coverage","delta.deaths",100000000,1
"Cancer detection and treatment","che.10",100000000,1
"Child treatment","che.10",100000000,1
"Childhood immunization","che.10",100000000,1
"HIV treatment","che.10",100000000,1
"Management of diabetes","che.10",100000000,1
"N/A (surgery)","che.10",100000000,1
"Pregnancy and delivery care","che.10",100000000,1
"Prevention of cardiovascular disease","che.10",100000000,1
"Tuberculosis effective treatment coverage","che.10",100000000,1
