GBD Category Description,,Independent Interventions,,Dependent Interventions
Maternal hypertensive disorders,1,Blood pressure (BP) screening and calcium supplementation,3.3,Parenteral anticonvulsants (magnesium sulphate)
Maternal sepsis and other maternal infections,3.1,Parenteral antibiotics,,
Maternal hemorrhage,3.2,Uterotonic drugs (oxytocin),4.2,Blood transfusion
Maternal obstructed labor and uterine rupture,4.1,Caesarean section,,
Neonatal sepsis and other neonatal infections,5,Management of neonatal sepsis with antibiotics,,
Neonatal preterm birth,6,Full supportive care of preterm newborns (CPAP and surfactant),,
Neonatal encephalopathy due to birth asphyxia and trauma,2,Skilled birth attendance,,
,3,Basic emergency obstetric care,,
,4,Comprehensive emergency obstetric care,,
Diarrheal diseases,7,Rotavirus vaccine (RV),9,Oral rehydration solution
Lower respiratory infections (pneumococcal pneumonia),8,Pneumococcal conjugate vaccine (PCV),10,Antibiotics for pneumonia
Pneumococcal meningitis,8,Pneumococcal conjugate vaccine (PCV),11,Antibiotics for meningitis
Meningococcal meningitis,11,Antibiotics for meningitis,,
Drug-susceptible tuberculosis,12,TB diagnosis and treatment (sputum),,
HIV/AIDS,13,Voluntary medical male circumcision,14,ART
Cervical cancer,15,HPV vaccination,16,Cervical cancer screening (DVI) and treatment
Ischemic heart disease,17,Screening and control of hypertension,18,Treatment of acute IHD event and secondary prevention
Ischemic stroke,17,Screening and control of hypertension,18,Treatment of acute IHD event and secondary prevention
Diabetes mellitus type 2,19,Screening for type 2 diabetes and glycemic control,,
Exposure to mechanical forces,20,Basic package of quality surgical services,,
Falls,20,Basic package of quality surgical services,,
"Fire, heat, and hot substances",20,Basic package of quality surgical services,,
Foreign body,20,Basic package of quality surgical services,,
Self-harm and interpersonal violence,20,Basic package of quality surgical services,,
Transport injuries,20,Basic package of quality surgical services,,