"Intervention #","Intervention","Disease category","Age","Sex","Addressable (%)","Source(s)","Details"
1,"Blood pressure (BP) screening and calcium supplementation","Maternal hypertensive disorders","15-49 years","Females",100,"Authors' assumption",""
2,"Skilled birth attendance","Neonatal encephalopathy due to birth asphyxia and trauma","0-28 days","All",68,"Authors' assumption based on Guttmacher et al. 2018",""
3,"Basic emergency obstetric care","Neonatal encephalopathy due to birth asphyxia and trauma","0-28 days","All",26,"Authors' assumption based on Guttmacher et al. 2018",""
3.1,"Parenteral antibiotics","Maternal sepsis and other maternal infections","15-49 years","Females",100,"Authors' assumption",""
3.2,"Uterotonic drugs (oxytocin)","Maternal hemorrhage","15-49 years","Females",100,"Authors' assumption",""
3.3,"Parenteral anticonvulsants (magnesium sulphate)","Maternal hypertensive disorders","15-49 years","Females",100,"Authors' assumption",""
4,"Comprehensive emergency obstetric care","Neonatal encephalopathy due to birth asphyxia and trauma","0-28 days","All",6,"Authors' assumption based on Guttmacher et al. 2018",""
4.1,"Caesarean section","Maternal obstructed labor and uterine rupture","15-49 years","Females",100,"Higashi et al. 2015 (Epidemiology)","Proportion of Sub-Saharan Africa obstructed labor deaths avertable with surgical interventions; Table 3 (page 232)"
4.2,"Blood transfusion","Maternal hemorrhage","15-49 years","Females",36,"Higashi et al. 2015 (Epidemiology)","Proportion of Sub-Saharan Africa maternal haemorrhage deaths avertable with surgical interventions; Table 3 (page 232)"
5,"Management of neonatal sepsis with antibiotics","Neonatal sepsis and other neonatal infections","0-28 days","All",100,"Authors' assumption",""
6,"Full supportive care of preterm newborns (CPAP and surfactant)","Neonatal preterm birth","0-28 days","All",100,"Authors' assumption",""
7,"Rotavirus vaccine (RV)","Diarrheal diseases","0-4 years","All",27,"Fisher Walker et al. 2013","African region estimate for diarrhoea deaths attributable to rotavirus; Table 2 (page 1409)"
8,"Pneumococcal conjugate vaccine (PCV)","Lower respiratory infections","0-4 years","All",100," Authors' assumption; (LRI due to pneumococcal pneumonia)",""
8,"Pneumococcal conjugate vaccine (PCV)","Pneumococcal meningitis","0-4 years","All",100,"Authors' assumption",""
9,"Oral rehydration solution","Diarrheal diseases","0-4 years","All",35,"Authors' assumption based on Lamberti et al. 2012 (% moderate to severe)",""
10,"Antibiotics for pneumonia","Lower respiratory infections","0-4 years","All",100,"Authors' assumption",""
11,"Antibiotics for meningitis","Meningococcal meningitis","0-4 years","All",100,"Authors' assumption",""
11,"Antibiotics for meningitis","Pneumococcal meningitis","0-4 years","All",100,"Authors' assumption",""
12,"TB diagnosis and treatment (sputum)","Drug-susceptible tuberculosis","15-69 years","All",100,"Authors' assumption",""
13,"Voluntary medical male circumcision","HIV/AIDS","15-69 years","Males",100,"Authors' assumption",""
14,"ART","HIV/AIDS","15-69 years","All",100,"Authors' assumption",""
15,"HPV vaccination","Cervical cancer","20-69 years","Females",67,"Basu et al. 2013","Proportion of cervical cancer attributable to HPV 16/18 in Sub-Saharan Africa; In text (page 3)"
16,"Cervical cancer screening (DVI) and treatment","Cervical cancer","20-69 years","Females",85,"Denny et al. 2002","Sensitivity for carcinoma (any lesion via direct visual inspection without magnification); Table 4 (page 1703)"
17,"Screening and control of hypertension","Ischemic heart disease","50-69","All",88,"GBD 2017","Calculated as the attributable fraction of deaths from high BP, high cholesterol, high glycemic"
17,"Screening and control of hypertension","Ischemic stroke","50-69","All",72,"GBD 2017","Calculated as the attributable fraction of deaths from high BP, high cholesterol, high glycemic"
18,"Treatment of acute IHD event and secondary prevention","Ischemic heart disease","50-69","All",100,"Authors' assumption",""
18,"Treatment of acute IHD event and secondary prevention","Ischemic stroke","50-69","All",100,"Authors' assumption",""
19,"Screening for type 2 diabetes and glycemic control","Diabetes mellitus type 2","50-69","All",100,"Authors' assumption",""
20,"Basic package of quality surgical services","Exposure to mechanical forces","0-69 years","All",27,"Higashi et al. 2015 (World Journal of Surgery)","Sub-Saharan Africa specific estimate of percent of deaths avertable with surgery; Table 2 (pages 6-7)"
20,"Basic package of quality surgical services","Falls","0-69 years","All",27,"Higashi et al. 2015 (World Journal of Surgery)","Sub-Saharan Africa specific estimate of percent of deaths avertable with surgery; Table 2 (pages 6-7)"
20,"Basic package of quality surgical services","Fire, heat, and hot substances","0-69 years","All",27,"Higashi et al. 2015 (World Journal of Surgery)","Sub-Saharan Africa specific estimate of percent of deaths avertable with surgery; Table 2 (pages 6-7)"
20,"Basic package of quality surgical services","Foreign body","0-69 years","All",27,"Higashi et al. 2015 (World Journal of Surgery)","Sub-Saharan Africa specific estimate of percent of deaths avertable with surgery; Table 2 (pages 6-7)"
20,"Basic package of quality surgical services","Self-harm and interpersonal violence","0-69 years","All",27,"Higashi et al. 2015 (World Journal of Surgery)","Sub-Saharan Africa specific estimate of percent of deaths avertable with surgery; Table 2 (pages 6-7)"
20,"Basic package of quality surgical services","Transport injuries","0-69 years","All",27,"Higashi et al. 2015 (World Journal of Surgery)","Sub-Saharan Africa specific estimate of percent of deaths avertable with surgery; Table 2 (pages 6-7)"
