"WHO index category","","Intervention","Short name","Target Age group (years)","Target Sex"
"Pregnancy and delivery care",1,"Blood pressure (BP) screening and calcium supplementation","Maternal BP screen and calcium","15-49","Females"
"Pregnancy and delivery care",2,"Skilled birth attendance","SBA","Births","All"
"Pregnancy and delivery care",3,"Basic emergency obstetric care","BEmOC","Births","All"
"Pregnancy and delivery care",3.1,"Parenteral antibiotics","Maternal antibiotics","15-49","Females"
"Pregnancy and delivery care",3.2,"Uterotonic drugs (oxytocin)","Oxytocin","15-49","Females"
"Pregnancy and delivery care",3.3,"Parenteral anticonvulsants (magnesium sulphate)","Mag. sulphate","15-49","Females"
"Pregnancy and delivery care",4,"Comprehensive emergency obstetric care","CEmOC","Births","All"
"Pregnancy and delivery care",4.1,"Caesarean section","C-section","15-49","Females"
"Pregnancy and delivery care",4.2,"Blood transfusion","Blood transfusion","15-49","Females"
"Pregnancy and delivery care",5,"Management of neonatal sepsis with antibiotics","Neonatal antibiotics","Births","All"
"Pregnancy and delivery care",6,"Full supportive care of preterm newborns (CPAP and surfactant)","CPAP and surfactant","Births","All"
"Childhood immunization",7,"Rotavirus vaccine (RV)","Rotavirus vaccine","Births","All"
"Childhood immunization",8,"Pneumococcal conjugate vaccine (PCV)","Pneumococcal vaccine","Births","All"
"Child treatment",9,"Oral rehydration solution","ORS","0-4","All"
"Child treatment",10,"Antibiotics for pneumonia","Antibiotics (pneumonia)","0-4","All"
"Child treatment",11,"Antibiotics for meningitis","Antibiotics (meningitis)","0-4","All"
"Tuberculosis effective treatment coverage",12,"TB diagnosis and treatment (sputum)","TB diagnosis and treatment","15-69","All"
"HIV treatment",13,"Voluntary medical male circumcision","VMMC","15","Males"
"HIV treatment",14,"ART","ART","15-69","All"
"Cancer detection and treatment",15,"HPV vaccination","HPV vaccine","12","Females"
"Cancer detection and treatment",16,"Cervical cancer screening (DVI) and treatment","DVI screen and treatment","30","Females"
"Prevention of cardiovascular disease",17,"Screening and control of hypertension","Hypertension screen and control","50-69","All"
"Prevention of cardiovascular disease",18,"Treatment of acute IHD event and secondary prevention","IHD acute and secondary treatment","50-69","All"
"Management of diabetes",19,"Screening for type 2 diabetes and glycemic control","Diabetes screen and control","50-69","All"
"N/A (surgery)",20,"Basic package of quality surgical services","Basic surgical package","0-69","All"
