,Intervention,Unit Cost,OOP Share,OOP Cost,Sources,
,,(2016 USD),(%),(2016 USD),,
1,Blood pressure (BP) screening and calcium supplementation,2.46,27.6,0.68,"Watkins et al. 2020; Ethiopia's 5th National Health Accounts, 2014",
2,Skilled birth attendance,7.72,27.6,2.13,"Watkins et al. 2020; Ethiopia's 5th National Health Accounts, 2014",
3,Basic emergency obstetric care,80.73,27.6,22.28,"Watkins et al. 2020; Ethiopia's 5th National Health Accounts, 2014",
4,Comprehensive emergency obstetric care,234.00,27.6,64.58,"Watkins et al. 2020; Ethiopia's 5th National Health Accounts, 2014",
5,Management of neonatal sepsis with antibiotics,4.74,27.6,1.31,"Watkins et al. 2020; Ethiopia's 5th National Health Accounts, 2014",
6,Full supportive care of preterm newborns (CPAP and surfactant),70.55,27.6,19.47,"Watkins et al. working paper; Ethiopia's 5th National Health Accounts, 2014",
7,Rotavirus vaccine (RV),19.31,0.0,0.00,Watkins et al. 2020; Authors' assumption,
8,Pneumococcal conjugate vaccine (PCV),19.31,0.0,0.00,Watkins et al. 2020; Authors' assumption,
9,Oral rehydration solution,1.30,47.9,0.62,"Authors' assumption; Ethiopia's 5th National Health Accounts, 2014",
10,Antibiotics for pneumonia,7.25,47.9,3.47,"Watkins et al. 2020; Ethiopia's 5th National Health Accounts, 2014",
11,Antibiotics for meningitis,38.87,47.9,18.62,"Anh et al. 2010; Ethiopia's 5th National Health Accounts, 2014",
12,TB diagnosis and treatment (sputum),98.28,36.0,35.38,"Watkins et al. 2020; Ethiopia's 5th National Health Accounts, 2014",
13,Voluntary medical male circumcision,39.78,2.0,0.80,"Watkins et al. 2020; Ethiopia's 5th National Health Accounts, 2014",
14,ART,83.07,2.0,1.66,"Watkins et al. 2020; Ethiopia's 5th National Health Accounts, 2014",
15,HPV vaccination,16.15,0.0,0.00,Watkins et al. 2020; Authors' assumption,
16,Cervical cancer screening (DVI) and treatment,6.86,68.0,4.66,"Watkins et al. 2020; Ethiopia's NCDI Commission Report, 2018",
17,Screening and control of hypertension,8.34,68.0,5.67,"Watkins et al. 2020; Ethiopia's NCDI Commission Report, 2018",
18,Treatment of acute IHD event and secondary prevention,480.32,68.0,326.62,"Watkins et al. 2020; Ethiopia's NCDI Commission Report, 2018",
19,Screening for type 2 diabetes and glycemic control,10.31,68.0,7.01,"Watkins et al. 2020; Ethiopia's NCDI Commission Report, 2018",
20,Basic package of quality surgical services,160.00,68.0,108.80,"Watkins et al. 2020 (reanalysis); Ethiopia's NCDI Commission Report, 2018",