,Intervention,Prob. Screen Patient Treated,Screen Cost,Treatment Cost,Source(s)
,,(%),(2016 USD),,
1,Blood pressure (BP) screening and calcium supplementation,100,N/A,2.46,Unit cost and target pop are based on presumptive maternal hypertensive cases; Watkins et al. 2020
12,TB diagnosis and treatment (sputum),100,N/A,98.28,Unit cost and target pop are based on presumptive TB cases; Watkins et al. 2020
16,Cervical cancer screening (DVI) and treatment,1,6.49,73.71,Watkins et al. 2020
17,Screening and control of hypertension,5,3.33,100.04,Watkins et al. 2020
19,Screening for type 2 diabetes and glycemic control,11,2.22,74.88,GBD 2017