"Intervention #","Intervention","Average Benefit Timing"
1,"Blood pressure (BP) screening and calcium supplementation","Immediate (~0 years)"
2,"Skilled birth attendance","Immediate (~0 years)"
3,"Basic emergency obstetric care","Immediate (~0 years)"
3.1,"Parenteral antibiotics","Immediate (~0 years)"
3.2,"Uterotonic drugs (oxytocin)","Immediate (~0 years)"
3.3,"Parenteral anticonvulsants (magnesium sulphate)","Immediate (~0 years)"
4,"Comprehensive emergency obstetric care","Immediate (~0 years)"
4.1,"Caesarean section","Immediate (~0 years)"
4.2,"Blood transfusion","Immediate (~0 years)"
5,"Management of neonatal sepsis with antibiotics","Immediate (~0 years)"
6,"Full supportive care of preterm newborns (CPAP and surfactant)","Immediate (~0 years)"
9,"Oral rehydration solution","Immediate (~0 years)"
10,"Antibiotics for pneumonia","Immediate (~0 years)"
11,"Antibiotics for meningitis","Immediate (~0 years)"
12,"TB diagnosis and treatment (sputum)","Immediate (~0 years)"
16,"Cervical cancer screening (DVI) and treatment","Immediate (~0 years)"
20,"Basic package of quality surgical services","Immediate (~0 years)"
7,"Rotavirus vaccine (RV)","Short term (~5 years)"
8,"Pneumococcal conjugate vaccine (PCV)","Short term (~5 years)"
18,"Treatment of acute IHD event and secondary prevention","Short term (~5 years)"
13,"Voluntary medical male circumcision","Medium term (~10 years)"
14,"ART","Medium term (~10 years)"
17,"Screening and control of hypertension","Medium term (~10 years)"
19,"Screening for type 2 diabetes and glycemic control","Medium term (~10 years)"
15,"HPV vaccination","Long term (~20 years)"
