"Intervention #","Intervention","Disease target","Effect target","Estimate","LB","UB","Source","Details"
1,"Blood pressure (BP) screening and calcium supplementation","Maternal hypertensive disorders","Mortality",0.35,0.19,0.47,"Hofmeyr et al. 2014","Risk ratio of high blood pressure of 0.65 (95% CI: 0.53 to 0.81) from review of 12 trials with 15,470 women; In text (page 2)"
2,"Skilled birth attendance","Neonatal encephalopathy due to birth asphyxia and trauma","Mortality",0.15,0.1,0.2,"Bhutta et al. 2014","Relative risk of neonatal mortality; Table 1 (page 350)"
3,"Basic emergency obstetric care","Neonatal encephalopathy due to birth asphyxia and trauma","Mortality",0.75,0.68,0.8,"Bhutta et al. 2014","Relative risk of neonatal mortality; Table 1 (page 350); converted to incremental values compared to SBA"
3.1,"Parenteral antibiotics","Maternal sepsis and other maternal infections","Mortality",0.9,0.85,0.95,"Adam et al. 2005","Risk reduction in maternal outcomes (deaths from sepsis and infertility) assuming LB/UB of +/- 5%; Table A (page 2 of the appendix)"
3.2,"Uterotonic drugs (oxytocin)","Maternal hemorrhage","Mortality",0.62,0.57,0.67,"Adam et al. 2005","Risk reduction in maternal outcomes (death and anemia) assuming LB/UB of +/- 5%; Table A (page 3 of appendix)"
3.3,"Parenteral anticonvulsants (magnesium sulphate)","Maternal hypertensive disorders","Mortality",0.46,0,0.74,"Duley et al. 2010; Magpie Trial 2002","Risk ratio for maternal death with magnesium sulphate compared to placebo or no convulsant; In text (page 9 - Duley et al. which includes data from Magpie Trial)"
4,"Comprehensive emergency obstetric care","Neonatal encephalopathy due to birth asphyxia and trauma","Mortality",0.55,0.23,0.64,"Bhutta et al. 2014","Relative risk of neonatal mortality; Table 1 (page 350); converted to incremental values compared to BEmOC"
4.1,"Caesarean section","Maternal obstructed labor and uterine rupture","Mortality",0.95,0.9,0.99,"Higashi et al. 2015 (Epidemiology); Adams et al. 2005 ","Authors' assuming within the range of Higashi et al. 2015 100% avertable deaths; Table 3 (page 232), and Adams et al. 2005: 95% risk reduction; Table A (page 2 of appendix)"
4.2,"Blood transfusion","Maternal hemorrhage","Mortality",0.95,0.9,0.99,"Higashi et al. 2015 (Epidemiology)","Authors' assuming within Sub-Saharan Africa specific estimate of percent of deaths avertable with treatment effectiveness ranges from 90-99% risk reduction"
5,"Management of neonatal sepsis with antibiotics","Neonatal sepsis and other neonatal infections","Mortality",0.65,0.5,0.7,"Bhutta et al. 2014","Relative risk of neonatal mortality; Table 1 (page 350)"
6,"Full supportive care of preterm newborns (CPAP and surfactant)","Neonatal preterm birth","Mortality",0.32,0.18,0.43,"Bhutta et al. 2014","Relative risk of neonatal mortality; Table 1 (page 350)"
7,"Rotavirus vaccine (RV)","Diarrheal diseases","Mortality",0.5,0.23,0.67,"Fisher Walker et al. 2011","Regional risk reduction for Africa; Figure 5 (page 5)"
8,"Pneumococcal conjugate vaccine (PCV)","Lower respiratory infections","Mortality",0.26,0.12,0.37,"Theodoratou et al. 2010","Risk ratio for PC vaccines on radiologically confirmed pneumonia; Table 2 (page i177)"
8,"Pneumococcal conjugate vaccine (PCV)","Pneumococcal meningitis","Mortality",0.16,0.02,1,"Davis et al. 2013","Risk ratio for vaccine-type SP meningitis mortality when treated with PCV; Table 3 (page 9)"
9,"Oral rehydration solution","Diarrheal diseases","Mortality",0.93,0.69,1,"Munos et al. 2010","Under-5 mortality reduction reported as percent; In text (page i75), lower bound is based on 3 low-quality studies summarized in Table 1 (page i79), upper bound is assumed"
10,"Antibiotics for pneumonia","Lower respiratory infections","Mortality",0.42,0.18,0.59,"Zaidi et al 2011","Risk reduction of neonatal sepsis and pneumonia cause specific mortality with oral antibiotic therapy; Table 7 (page 12)"
11,"Antibiotics for meningitis","Meningococcal meningitis","Mortality",0.86,0.86,0.88,"Nadel et al. 2016","Risk reduction calculated based on a stated percent of cases of 10% with antibiotic treatment compared to 70-85% prior to antibiotics; In text (page s23)"
11,"Antibiotics for meningitis","Pneumococcal meningitis","Mortality",0.86,0.86,0.88,"Nadel et al. 2016","Risk reduction calculated based on a stated percent of cases of 10% with antibiotic treatment compared to 70-85% prior to antibiotics; In text (page s23)"
12,"TB diagnosis and treatment (sputum)","Drug-susceptible tuberculosis","Mortality",0.86,0.83,0.88,"Seid et al. 2018","Meta-analysis pooled treatment success rate in Ethiopia; In text (page 1)"
13,"Voluntary medical male circumcision","HIV/AIDS","Incidence",0.54,0.37,0.66,"Siegfried et al. 2009","Meta-analysis pooled relative risk of acquiring HIV at 21-24 months for male circumcision in heterosexual males; In text (page 2)"
14,"ART","HIV/AIDS","Mortality",0.95,0.9,1,"Authors' assumption",""
15,"HPV vaccination","Cervical cancer","Incidence",0.99,0.98,1,"Lee et al. 2013","Paper assumed 3 doses of HPV vaccine was 100% effective, here we consider 98-100 percent effective; In text (page B64)"
16,"Cervical cancer screening (DVI) and treatment","Cervical cancer","Incidence",0.83,0.78,0.88,"Mandelblatt et al. 2002","Bounds assumed"
17,"Screening and control of hypertension","Ischemic heart disease","Incidence",0.22,0.17,0.27,"Law et al. 2009","Meta-analysis derived percent reduction in CHD events when blood pressure is lowered by 10 mm Hg systolic or 5 mm Hg diastolic; In text (page 1)"
17,"Screening and control of hypertension","Ischemic stroke","Incidence",0.41,0.33,0.48,"Law et al. 2009","Meta-analysis derived percent reduction in strokes when blood pressure is lowered by 10 mm Hg systolic or 5 mm Hg diastolic; In text (page 1)"
18,"Treatment of acute IHD event and secondary prevention","Ischemic heart disease","Mortality",0.73,0.63,0.83,"DCP3 working paper, 2017","Bounds assumed; http://dcp-3.org/resources/mortality-impact-achieving-essential-universal-health-coverage-low-and-middle-income"
18,"Treatment of acute IHD event and secondary prevention","Ischemic stroke","Mortality",0.57,0.47,0.67,"DCP3 working paper, 2017","Bounds assumed; http://dcp-3.org/resources/mortality-impact-achieving-essential-universal-health-coverage-low-and-middle-income"
19,"Screening for type 2 diabetes and glycemic control","Diabetes mellitus type 2","Mortality",0.97,0.5,0.98,"GBD 2017","Bounds assumed"
20,"Basic package of quality surgical services","Exposure to mechanical forces","Mortality",0.95,0.9,0.99,"Higashi et al. 2015 (World Journal of Surgery)","Authors' assuming within Sub-Saharan Africa specific estimate of percent of deaths avertable with surgery treatment effectiveness ranges from 90-99% risk reduction"
20,"Basic package of quality surgical services","Falls","Mortality",0.95,0.9,0.99,"Higashi et al. 2015 (World Journal of Surgery)","Authors' assuming within Sub-Saharan Africa specific estimate of percent of deaths avertable with surgery treatment effectiveness ranges from 90-99% risk reduction"
20,"Basic package of quality surgical services","Fire, heat, and hot substances","Mortality",0.95,0.9,0.99,"Higashi et al. 2015 (World Journal of Surgery)","Authors' assuming within Sub-Saharan Africa specific estimate of percent of deaths avertable with surgery treatment effectiveness ranges from 90-99% risk reduction"
20,"Basic package of quality surgical services","Foreign body","Mortality",0.95,0.9,0.99,"Higashi et al. 2015 (World Journal of Surgery)","Authors' assuming within Sub-Saharan Africa specific estimate of percent of deaths avertable with surgery treatment effectiveness ranges from 90-99% risk reduction"
20,"Basic package of quality surgical services","Self-harm and interpersonal violence","Mortality",0.95,0.9,0.99,"Higashi et al. 2015 (World Journal of Surgery)","Authors' assuming within Sub-Saharan Africa specific estimate of percent of deaths avertable with surgery treatment effectiveness ranges from 90-99% risk reduction"
20,"Basic package of quality surgical services","Transport injuries","Mortality",0.95,0.9,0.99,"Higashi et al. 2015 (World Journal of Surgery)","Authors' assuming within Sub-Saharan Africa specific estimate of percent of deaths avertable with surgery treatment effectiveness ranges from 90-99% risk reduction"
