"Intervention #","Intervention","Baseline Coverage","Source","Details"
1,"Blood pressure (BP) screening and calcium supplementation",0.1,"No current coverage","Based on expert input"
2,"Skilled birth attendance",34,"OneHealth Tool, Avenir Health, 2017",""
3,"Basic emergency obstetric care",3,"OneHealth Tool, Avenir Health, 2017",""
3.1,"Parenteral antibiotics",3,"OneHealth Tool, Avenir Health, 2017",""
3.2,"Uterotonic drugs (oxytocin)",3,"OneHealth Tool, Avenir Health, 2017",""
3.3,"Parenteral anticonvulsants (magnesium sulphate)",3,"OneHealth Tool, Avenir Health, 2017",""
4,"Comprehensive emergency obstetric care",3,"OneHealth Tool, Avenir Health, 2017",""
4.1,"Caesarean section",3,"OneHealth Tool, Avenir Health, 2017",""
4.2,"Blood transfusion",3,"OneHealth Tool, Avenir Health, 2017",""
5,"Management of neonatal sepsis with antibiotics",26,"Memirie et al. 2019",""
6,"Full supportive care of preterm newborns (CPAP and surfactant)",0.1,"No current coverage",""
7,"Rotavirus vaccine (RV)",67,"MiniDHS, 2019",""
8,"Pneumococcal conjugate vaccine (PCV)",60,"MiniDHS, 2019",""
9,"Oral rehydration solution",30,"EDHS, 2016",""
10,"Antibiotics for pneumonia",29,"EDHS, 2016",""
11,"Antibiotics for meningitis",29,"Based on antibiotics for pneumonia, EDHS 2016",""
12,"TB diagnosis and treatment (sputum)",69,"WHO, 2020",""
13,"Voluntary medical male circumcision",92,"EDHS, 2016",""
14,"ART",65,"UNAIDS 2019",""
15,"HPV vaccination",0.1,"No current coverage",""
16,"Cervical cancer screening (DVI) and treatment",5,"Authors' assumption",""
17,"Screening and control of hypertension",23,"STEPs Survey",""
18,"Treatment of acute IHD event and secondary prevention",5,"Authors' assumption based on Tolla et al. 2016",""
19,"Screening for type 2 diabetes and glycemic control",3,"STEPs Survey",""
20,"Basic package of quality surgical services",10,"Authors' assumption based on Admasu et al. 2011",""
